employee_ID,completed_tasks,sick_days,healthy_days,number_of_participation_SP,average_weekly_hours
41882046,17,18,2,5,38
48241373,8,13,7,3,36
54026706,23,14,6,3,34
56490935,22,3,17,4,33
28407269,22,12,8,3,35
63266963,12,10,10,8,37
45009758,12,2,18,8,32
67578722,19,17,3,3,32
67375497,7,5,15,8,34
67089423,7,5,15,5,35
64513458,8,2,18,8,32
74478272,19,9,11,4,38
26474367,18,14,6,5,37
77296353,19,20,0,6,36
28104899,10,3,17,6,33
73419011,19,19,1,6,37
25437987,16,4,16,4,35
66370072,16,3,17,5,36
42190394,14,12,8,6,37
64183694,12,19,1,4,35
57423185,16,12,8,4,38
64904948,23,0,20,6,34
49301275,13,15,5,6,33
54366410,11,6,14,4,36
43244502,19,4,16,5,33
30513791,18,15,5,6,32
51968466,9,17,3,7,38
35202204,11,1,19,3,35
32928856,15,4,16,4,33
53651153,21,2,18,3,34
53425312,23,8,12,5,35
54595794,17,4,16,3,37
27031389,11,7,13,7,32
70375649,19,2,18,3,33
49206710,24,18,2,3,32
52706161,14,10,10,7,38
40579451,15,11,9,7,36
72447359,17,3,17,3,36
32454117,19,17,3,4,36
26008075,8,1,19,7,37
46544742,15,3,17,4,36
55175412,12,9,11,6,38
20535298,11,19,1,7,33
45668469,21,10,10,6,37
26971915,19,7,13,3,36
30139914,23,17,3,3,36
61509645,10,1,19,7,32
30409757,13,12,8,6,37
29028632,10,0,20,5,37
66007452,14,7,13,7,35
58763837,24,14,6,6,34
71223280,18,20,0,7,33
52746603,20,14,6,3,38
55112374,9,11,9,6,32
62676844,22,18,2,6,36
53664882,9,12,8,5,38
49221351,19,10,10,8,37
65303234,24,10,10,4,32
44520658,13,1,19,7,35
48723577,19,17,3,3,33
47208107,18,6,14,6,36
53107585,14,3,17,3,32
23107089,11,18,2,3,37
20796313,13,19,1,8,32
38339841,10,3,17,8,37
63026670,22,3,17,3,37
40899751,9,15,5,4,34
44488287,20,11,9,3,36
30275948,8,14,6,5,38
39230272,7,19,1,3,37
62321683,8,4,16,3,38
18610012,7,12,8,3,32
43146032,23,4,16,3,36
33470318,19,6,14,5,35
61278900,19,20,0,4,36
50107085,20,11,9,3,37
38900545,24,18,2,4,37
43619683,15,20,0,5,36
24974141,17,5,15,4,33
46090385,10,2,18,8,35
40983609,19,20,0,7,38
56362978,16,16,4,7,38
46055500,14,16,4,8,34
64956475,14,7,13,5,35
31396297,19,10,10,4,32
46843807,21,13,7,3,38
60325722,24,7,13,8,35
44409401,12,20,0,8,35
17708115,10,5,15,6,36
57981306,20,12,8,6,36
17622526,17,19,1,3,38
47876011,10,19,1,4,33
25901207,7,17,3,6,35
56637196,12,19,1,5,37
60700308,9,16,4,7,32
21091071,23,8,12,3,33
28171023,9,3,17,3,35
32500874,16,13,7,8,35
51568591,10,12,8,8,33
35182987,15,19,1,5,34
58899522,12,0,20,4,32
72734325,24,8,12,4,38
25106521,10,15,5,7,35
69931856,24,15,5,5,37
35923511,20,13,7,6,33
46402767,16,13,7,8,35
29144438,9,15,5,8,37
69304609,13,11,9,7,37
34407202,17,15,5,4,32
38969990,19,6,14,6,36
42926098,15,2,18,4,38
73193437,24,18,2,3,37
31899552,12,1,19,8,32
19176639,21,13,7,3,35
29888071,24,9,11,4,36
59095205,16,7,13,8,37
34739579,11,17,3,4,35
41896846,13,0,20,8,37
25476280,16,12,8,6,34
48139513,18,16,4,8,36
74087304,16,16,4,6,32
66105635,23,12,8,8,34
52671654,18,6,14,5,32
47510034,10,4,16,3,38
43455455,21,8,12,4,38
26973104,18,20,0,4,38
34677800,8,5,15,7,36
74988142,20,12,8,7,34
59152123,11,0,20,6,38
40398378,22,12,8,7,34
58900514,19,13,7,7,33
30338756,23,2,18,4,37
51260098,21,17,3,7,33
23703432,16,1,19,6,35
38464440,8,15,5,3,35
42021925,19,14,6,5,34
43166076,11,18,2,4,33
49823758,13,17,3,7,32
76623918,20,0,20,8,37
36503139,24,12,8,3,37
55769481,11,2,18,4,32
49459600,24,13,7,5,32
74518951,17,5,15,3,35
45973044,17,7,13,5,35
24745428,21,2,18,4,38
62653162,18,5,15,5,35
64698933,21,20,0,8,33
46242219,13,9,11,8,33
26845766,24,0,20,5,36
77607087,10,10,10,6,35
33333871,19,9,11,5,34
71592150,7,3,17,7,34
29579762,9,9,11,4,37
18701296,12,7,13,6,38
54089193,12,20,0,3,34
58606675,15,19,1,8,36
47452817,11,10,10,5,34
49833500,17,9,11,7,36
34134723,14,7,13,3,36
36194971,11,17,3,5,36
20941642,21,3,17,7,37
59433472,22,13,7,7,37
61943814,24,9,11,4,34
55701190,11,11,9,6,32
72090844,24,7,13,8,33
60127892,13,19,1,6,36
63085224,9,0,20,3,34
30542932,20,4,16,3,32
37862728,22,11,9,5,37
27404259,18,19,1,7,38
66735442,18,6,14,5,37
32062858,9,2,18,6,35
58942475,11,12,8,7,37
34760414,23,6,14,6,38
34991767,11,20,0,5,36
17067883,13,19,1,3,35
33531324,16,17,3,3,38
24837355,14,18,2,5,35
25914417,18,3,17,4,37
69141775,8,4,16,4,33
22944385,16,3,17,3,32
24687820,8,9,11,6,34
62188384,22,8,12,6,38
70121035,8,13,7,5,34
50240230,18,0,20,6,33
23304579,8,8,12,7,36
61413716,11,13,7,5,35
29300021,23,2,18,7,34
38826359,7,8,12,8,33
32632751,14,4,16,3,33
28058771,20,14,6,7,34
77589072,18,10,10,3,33
23002622,12,16,4,4,36
66622548,19,17,3,7,38
39523128,10,19,1,4,33
40381890,10,1,19,8,33
36055021,8,2,18,7,32
35046091,7,0,20,3,33
54548908,8,16,4,4,36
25592652,24,8,12,8,33
34617475,15,13,7,8,36
57190766,11,16,4,8,34
20140574,18,3,17,6,37
26223775,12,17,3,7,34
76629834,20,11,9,8,38
71877805,8,16,4,7,37
54530740,8,4,16,8,38
75783656,23,14,6,4,33
61441652,23,12,8,6,37
26002279,13,0,20,4,34
31151498,14,13,7,6,32
26911875,9,0,20,5,36
34461102,20,14,6,6,33
18628633,16,16,4,4,35
47616301,14,9,11,7,33
52078569,18,18,2,6,37
70046763,8,16,4,5,32
41437206,7,7,13,3,36
28278718,13,3,17,4,38
69831158,22,11,9,6,35
72058094,21,12,8,4,35
28296616,10,1,19,8,32
73878069,11,12,8,7,34
55421877,17,10,10,8,35
49674452,22,10,10,6,35
30628451,19,18,2,8,37
48922166,17,9,11,4,32
53210063,10,10,10,5,38
32751838,7,12,8,8,38
22257091,23,14,6,4,38
38174028,23,13,7,8,33
28594688,23,12,8,8,37
27037302,21,16,4,7,33
43567844,17,20,0,4,38
52783331,9,12,8,5,38
63369402,24,14,6,7,37
57271936,23,15,5,4,38
18440166,7,11,9,4,32
27740781,17,16,4,8,34
25359818,21,16,4,8,35
20807727,15,13,7,8,33
72165387,16,3,17,3,34
67592771,10,10,10,3,38
49471459,21,16,4,8,36
50336572,7,16,4,8,33
55802042,13,18,2,3,32
64832319,16,20,0,6,34
25009245,23,20,0,5,35
19339918,19,14,6,6,32
20895968,8,12,8,5,33
66295069,11,10,10,6,32
72033830,8,10,10,8,37
34683162,21,13,7,8,38
32002639,24,6,14,8,34
19954503,24,17,3,4,38
73295512,16,13,7,4,34
57057073,15,11,9,7,34
68599309,15,17,3,4,34
77047266,23,18,2,3,38
17996745,9,1,19,4,32
54119077,22,19,1,4,34
45893909,20,13,7,8,37
19000119,11,10,10,8,32
58088570,17,11,9,6,33
74546172,10,0,20,3,35
76059958,15,13,7,4,35
49579283,9,12,8,4,33
36892849,23,5,15,3,32
73839306,7,15,5,6,32
19457524,22,19,1,4,35
63528466,20,18,2,3,37
50206531,7,12,8,7,35
40692211,8,11,9,7,32
70319595,15,3,17,8,33
26802847,15,3,17,5,36
63026307,17,6,14,4,38
33689139,17,9,11,5,35
22321385,11,5,15,4,38
42833931,18,2,18,8,33
24274682,8,15,5,5,33
76791213,24,11,9,5,33
75481351,15,16,4,3,35
63965649,8,13,7,5,36
50158406,23,10,10,6,33
38846855,22,4,16,6,37
30287508,10,4,16,7,36
39115753,13,18,2,3,38
75727776,15,1,19,8,33
53720988,17,0,20,8,34
56157121,14,10,10,7,35
62192897,17,9,11,6,36
55030024,17,10,10,8,34
66304544,7,11,9,7,34
64537177,19,1,19,8,35
40274389,21,8,12,6,33
75618171,17,18,2,5,32
55741601,22,18,2,6,32
35128532,17,11,9,8,35
40429128,17,12,8,7,36
34589508,9,1,19,3,38
46984753,11,16,4,6,37
68332284,20,19,1,8,36
67692814,10,8,12,3,36
40356961,11,0,20,5,36
75298221,9,7,13,8,37
42719748,8,4,16,5,32
17703842,17,10,10,8,33
57834351,10,16,4,6,33
41903014,11,16,4,6,33
29928610,8,9,11,7,36
21068756,14,7,13,8,32
76901650,9,5,15,7,33
68870847,16,20,0,3,38
36472986,21,1,19,4,36
50763608,7,20,0,3,32
25205787,12,9,11,6,38
47667693,15,11,9,5,38
34842314,10,7,13,3,34
33852739,8,7,13,7,34
54005390,8,7,13,7,38
20288066,8,19,1,8,38
28513663,12,0,20,3,34
29680536,20,19,1,4,34
64251403,17,8,12,7,35
36519469,20,5,15,8,32
53436588,17,0,20,4,37
30101356,23,3,17,7,38
29500793,13,13,7,8,34
54687299,15,6,14,3,34
21990795,18,18,2,8,33
72897407,18,3,17,4,35
68107129,18,11,9,6,34
52094134,17,1,19,5,34
64490688,17,5,15,6,34
38242968,23,10,10,5,35
67430085,17,16,4,6,35
42332832,12,18,2,5,35
39455993,19,0,20,4,33
21465448,16,2,18,7,33
62916041,13,8,12,7,35
56937071,18,15,5,6,35
74424188,9,2,18,3,38
24977036,17,4,16,5,34
57472258,9,8,12,7,38
28280157,17,10,10,4,33
60855309,24,15,5,8,34
20889956,16,9,11,4,37
19988070,22,9,11,4,35
57002434,10,15,5,7,35
69853251,24,4,16,3,34
48259519,9,20,0,6,38
28672166,12,15,5,3,34
27573864,21,1,19,5,32
61836431,23,15,5,4,33
38059091,11,4,16,7,35
77043069,15,12,8,6,35
57587288,10,7,13,7,35
20707837,13,19,1,4,32
69723802,12,12,8,3,33
41598642,8,8,12,3,32
77492128,9,16,4,7,38
26886140,17,2,18,8,35
22014811,19,16,4,4,38
62757638,10,6,14,7,37
44722596,12,13,7,4,37
23299305,8,9,11,8,36
33518506,22,17,3,7,34
58598350,10,3,17,7,37
34878653,17,16,4,6,38
17647494,19,6,14,7,36
44124833,8,1,19,7,38
37466680,9,2,18,3,37
58633735,13,10,10,5,35
55226767,21,12,8,3,34
28038720,24,2,18,4,35
31569756,22,17,3,4,37
48831103,14,20,0,3,33
72313302,22,1,19,6,33
35500018,15,12,8,3,36
67562060,8,7,13,4,38
39331987,13,12,8,6,34
34685817,12,7,13,3,33
22423817,17,17,3,3,33
45655887,10,19,1,6,35
73077414,9,16,4,4,34
67237558,21,10,10,5,32
51332207,7,5,15,7,35
17396736,14,20,0,3,36
73183945,8,18,2,8,33
68746199,7,19,1,8,32
58651999,22,17,3,5,33
27848393,20,3,17,6,36
53619151,18,16,4,7,33
76319155,13,19,1,7,37
62250323,20,16,4,6,36
57229395,8,2,18,3,32
29963165,16,13,7,7,35
71841060,13,1,19,3,33
70053799,22,16,4,4,35
58803583,15,10,10,5,37
35749435,13,12,8,5,33
35832591,20,13,7,3,37
33513207,21,18,2,8,34
67050184,21,4,16,4,36
51647131,11,4,16,4,32
68097170,17,11,9,5,35
63719424,11,9,11,5,37
31693928,19,15,5,8,37
18723286,16,4,16,6,37
37099343,22,17,3,8,34
46270950,7,5,15,6,35
45960521,8,14,6,6,33
50092884,20,14,6,3,36
71433890,8,11,9,3,37
37691316,7,16,4,4,33
70241377,24,13,7,5,34
55798750,13,10,10,7,38
51266244,15,18,2,3,36
77427766,17,19,1,5,34
26453889,10,7,13,6,33
69455361,17,6,14,8,35
43446776,18,1,19,7,37
28460356,12,15,5,6,33
52202168,19,3,17,4,38
59977176,18,20,0,3,32
55182225,24,19,1,8,32
34363558,17,9,11,5,36
67963452,14,7,13,8,36
76952375,19,16,4,5,37
44770365,21,1,19,4,35
52318902,8,16,4,5,35
27442682,7,14,6,4,35
26635859,10,17,3,3,33
45175930,24,6,14,6,34
22968549,22,15,5,5,38
21306265,14,9,11,6,38
72257946,10,12,8,3,37
51014022,17,14,6,5,35
40925692,19,14,6,8,34
74350487,12,7,13,8,34
55774049,17,2,18,4,37
39384468,24,1,19,7,32
19867355,9,0,20,7,36
45608883,9,7,13,3,33
59095579,14,11,9,3,36
23240294,7,10,10,6,32
45664090,9,18,2,3,34
25731732,17,16,4,5,35
49999216,16,10,10,4,36
20955238,18,1,19,3,32
71400870,14,15,5,6,34
69291827,21,8,12,5,35
41318006,19,2,18,4,35
65378252,18,2,18,3,36
42153702,21,14,6,5,36
75950246,14,6,14,7,34
74918642,19,19,1,4,36
47940950,12,7,13,5,32
47811232,14,6,14,7,38
33764470,16,14,6,3,37
71710759,10,6,14,4,33
62928855,14,5,15,6,35
45711994,13,1,19,3,32
45825272,9,17,3,5,36
38119503,14,11,9,6,32
70348849,22,9,11,7,34
37438520,20,12,8,5,32
20148413,23,3,17,6,37
44981853,24,20,0,3,36
44206942,13,13,7,3,32
46834203,17,13,7,6,35
32885952,23,12,8,6,36
49969002,13,19,1,8,34
27551562,11,18,2,8,34
39699128,10,19,1,4,33
27540434,9,1,19,8,34
71269554,10,2,18,5,37
58849450,8,6,14,4,37
66770710,9,1,19,3,36
42951542,10,16,4,7,38
52241764,10,12,8,3,38
77631110,13,19,1,7,34
74211469,15,15,5,8,38
61551019,15,7,13,8,32
30252177,12,4,16,4,38
31829020,8,14,6,4,33
42369273,15,3,17,7,34
65967914,9,7,13,6,38
43274103,23,10,10,5,38
53208513,11,7,13,5,33
69275368,19,16,4,4,35
55203182,14,16,4,7,35
63139338,24,4,16,6,37
61062951,13,7,13,6,36
42848185,22,9,11,3,35
77641832,13,2,18,7,36
20958596,18,19,1,8,35
56892200,23,18,2,5,34
24987189,23,13,7,7,35
46351695,13,20,0,8,35
28518358,7,4,16,6,37
43288599,22,10,10,5,33
32979776,7,18,2,8,38
59310573,15,16,4,7,37
64012128,23,16,4,4,38
44323443,18,3,17,4,34
38249545,19,16,4,6,37
20322080,8,1,19,7,32
43352534,17,3,17,6,38
34803241,21,11,9,7,32
23361721,10,19,1,6,38
33662712,11,16,4,3,38
20863842,8,6,14,5,37
17013730,24,6,14,4,35
43654496,13,17,3,3,37
49731452,18,9,11,8,34
35555060,21,16,4,4,34
31089039,16,10,10,5,34
43776632,22,0,20,5,34
44036040,18,18,2,3,35
67707802,9,12,8,8,32
55881025,13,8,12,8,38
34361568,17,1,19,6,37
18828606,8,17,3,3,33
20392212,16,19,1,3,37
17124765,24,0,20,4,38
22900646,22,16,4,3,36
21304610,9,1,19,6,36
64532074,21,1,19,5,36
26267933,8,1,19,5,34
23070954,20,5,15,8,37
66998317,9,17,3,6,36
69019400,22,11,9,6,36
25250009,14,14,6,8,35
51126489,20,8,12,6,37
31620238,16,1,19,5,37
71517528,15,16,4,8,35
24991164,18,19,1,8,34
21852815,10,20,0,5,37
50920134,14,18,2,6,35
26297252,15,19,1,5,38
73193254,23,14,6,8,38
29477029,11,10,10,7,35
64033227,21,6,14,3,33
20355039,22,13,7,8,37
27070890,15,15,5,3,35
68653754,18,6,14,8,33
19317732,9,20,0,6,35
61404448,18,19,1,5,34
17590620,15,18,2,6,36
32058179,12,12,8,7,36
69424799,19,20,0,6,36
64676378,10,12,8,8,32
26713716,12,3,17,8,33
74730462,17,8,12,4,34
56021082,12,0,20,3,38
19595096,13,13,7,5,33
32678498,8,15,5,4,33
73156059,18,13,7,3,36
36022274,19,16,4,7,37
20185678,13,13,7,5,35
73074565,13,13,7,7,32
45613109,15,4,16,5,34
48748745,12,1,19,3,35
22562524,22,16,4,6,37
61793175,12,10,10,8,37
45783957,18,6,14,4,34
27017637,20,11,9,3,35
48295965,21,0,20,7,38
64138885,10,20,0,3,38
65643343,8,17,3,8,33
45737419,24,1,19,8,34
71079131,23,20,0,3,36
20169434,9,6,14,4,32
38617827,24,8,12,6,38
66434878,11,20,0,3,35
45927259,18,16,4,7,37
34849982,18,3,17,7,38
58243190,21,5,15,3,38
31841979,20,16,4,3,37
30762577,16,3,17,8,32
57962624,20,19,1,3,35
66464750,22,10,10,6,32
64501272,7,17,3,4,36
66767334,7,13,7,4,32
33753391,24,20,0,8,32
33635142,10,20,0,3,36
30288919,19,6,14,3,33
75548114,14,4,16,3,37
26751059,12,17,3,4,36
47049078,14,15,5,5,32
60518584,8,16,4,4,37
33658041,23,3,17,6,35
69492177,17,18,2,8,34
42348616,10,1,19,6,33
35295540,8,9,11,7,34
52354375,23,5,15,4,38
65867616,22,8,12,3,34
54795584,9,9,11,3,33
39828624,24,12,8,3,35
64157397,11,13,7,7,34
28622085,12,7,13,7,35
71083783,24,18,2,7,38
39898528,22,19,1,8,33
57504552,9,1,19,6,34
66901825,7,7,13,4,32
75018157,10,12,8,7,32
21140820,10,14,6,8,34
69724816,10,11,9,3,33
19631788,20,9,11,6,34
72841905,23,19,1,5,38
33821846,8,1,19,8,34
65920709,10,2,18,3,36
17065731,16,3,17,6,35
19373224,12,5,15,8,34
42136468,9,0,20,7,38
40693636,19,14,6,3,35
45241343,7,20,0,8,38
24121583,15,8,12,5,37
20498290,22,11,9,3,36
65421042,16,10,10,3,38
27091969,18,8,12,8,32
57289942,24,9,11,6,35
46878360,16,6,14,4,35
55965941,23,4,16,5,38
76844031,10,8,12,4,35
47421519,17,2,18,4,34
45208398,22,3,17,7,33
47420506,11,2,18,5,34
42450957,17,19,1,7,36
51405449,11,20,0,7,32
32468355,23,5,15,4,37
23932908,8,3,17,7,36
74915126,17,19,1,7,33
74327952,21,9,11,5,34
25170421,7,6,14,8,37
77431190,17,20,0,5,35
40537071,17,1,19,5,34
56623928,13,3,17,5,36
21100122,13,20,0,6,33
70112133,11,7,13,6,35
56733106,24,9,11,7,36
19682417,8,20,0,5,33
73512518,12,3,17,4,32
52462335,10,1,19,7,34
29483071,9,0,20,3,38
38645877,11,1,19,4,37
36749781,13,14,6,4,33
69816376,7,20,0,7,36
57578521,11,8,12,3,32
23529424,18,19,1,6,36
30839404,22,18,2,7,32
75216928,8,16,4,5,38
63469685,17,1,19,4,37
41384179,24,8,12,4,34
65975848,8,7,13,7,32
33343606,16,19,1,5,32
51418087,18,19,1,6,33
47426252,23,15,5,6,33
44155837,8,9,11,7,34
19374978,24,2,18,3,37
72144368,13,4,16,8,35
19509837,17,2,18,6,35
58117673,17,4,16,3,32
49050896,23,10,10,4,36
55272968,17,4,16,8,36
75880801,22,15,5,8,37
52606008,10,13,7,5,32
22152862,24,12,8,8,36
71517288,20,11,9,5,35
63210327,23,4,16,7,38
52121448,18,14,6,6,37
40799135,12,17,3,8,34
56600732,11,4,16,6,32
55556494,24,8,12,7,32
30042667,23,9,11,8,36
27074084,20,3,17,8,32
47750261,7,20,0,7,34
64764136,14,15,5,5,36
26525629,8,19,1,3,37
50777853,24,16,4,6,33
50185331,14,0,20,3,38
55362884,18,16,4,4,36
77291252,24,15,5,6,34
53402609,23,13,7,7,36
58832522,9,19,1,8,36
26440295,24,14,6,5,37
42991677,19,20,0,5,34
25380588,14,10,10,5,37
58388410,23,5,15,6,36
56639216,16,17,3,5,32
62719466,14,6,14,7,32
47185780,22,17,3,8,33
36679008,20,0,20,4,32
35666195,8,16,4,5,36
26501724,7,4,16,5,37
61714181,11,7,13,7,33
32607469,12,8,12,5,36
41080290,15,10,10,7,34
51884573,7,0,20,4,32
31961779,16,17,3,3,32
77338952,16,2,18,3,33
70588902,11,11,9,3,34
54962957,8,16,4,4,36
22844227,8,11,9,3,38
34349352,19,3,17,3,34
43747953,21,10,10,3,32
31902871,8,0,20,6,34
55888579,16,15,5,5,35
19812075,15,14,6,7,37
38017818,12,19,1,8,36
52431639,9,6,14,6,32
45436028,13,12,8,3,36
32674169,7,7,13,5,38
75347314,11,8,12,6,35
51383807,9,9,11,6,32
48085047,21,15,5,8,37
66592461,9,20,0,4,36
20114355,23,3,17,3,37
64056064,21,11,9,3,32
17116067,10,16,4,5,35
27297953,19,19,1,6,36
55965608,15,5,15,5,32
76499215,11,1,19,5,33
40618474,22,3,17,6,35
73829390,17,14,6,8,38
38942618,12,13,7,3,38
73352804,9,9,11,8,32
55820624,22,19,1,5,32
23295205,24,12,8,4,36
60254175,15,9,11,7,34
75649961,17,5,15,5,32
25459827,17,10,10,7,35
70865457,11,10,10,6,32
29607651,13,12,8,6,38
54707819,22,16,4,8,33
57497779,12,2,18,8,36
32239033,14,16,4,6,33
70604466,15,3,17,4,38
49620351,15,6,14,4,34
22166648,11,1,19,6,34
69231035,20,19,1,8,32
51880600,9,12,8,8,32
70797852,10,3,17,5,34
17541124,16,14,6,6,32
46421887,21,6,14,7,34
27934084,13,15,5,3,32
56430766,19,3,17,5,36
58082732,20,2,18,7,35
69094056,17,19,1,5,36
19444101,12,0,20,7,33
55452865,12,18,2,4,38
63810620,12,17,3,4,37
46143942,8,4,16,3,38
45337295,7,7,13,5,33
40099785,23,17,3,4,36
68182531,23,4,16,8,32
38653745,13,15,5,3,35
61073389,23,16,4,5,34
68612154,13,1,19,4,37
74735288,14,4,16,8,37
70591568,7,3,17,4,37
38637329,13,0,20,3,33
54717305,10,6,14,6,34
52842119,14,7,13,3,37
23397538,18,1,19,5,34
64456668,22,17,3,8,33
62174845,17,8,12,6,38
23767025,9,1,19,8,36
43876338,10,8,12,5,38
54630746,8,4,16,7,34
58677714,10,4,16,4,35
73927003,16,6,14,4,38
60448602,18,18,2,7,34
58861206,10,10,10,3,34
22952131,21,11,9,7,38
70154323,14,13,7,3,32
67114714,24,9,11,5,34
69446687,19,12,8,8,34
74059982,24,20,0,6,32
69808290,13,19,1,5,32
43196583,23,16,4,6,34
21749745,11,7,13,5,33
75029375,21,7,13,6,36
68737612,24,2,18,4,33
68811463,18,4,16,6,34
35099155,15,20,0,4,37
69080958,13,0,20,6,32
41224992,12,4,16,4,33
61023672,24,20,0,5,37
47511824,20,20,0,6,36
22733884,8,18,2,5,34
52831796,8,3,17,5,36
67276191,24,17,3,8,37
53052208,7,14,6,5,36
51998148,22,12,8,3,33
66156147,9,7,13,6,38
49307530,18,5,15,6,34
27096255,18,5,15,4,34
62296307,17,16,4,7,38
20429667,12,16,4,7,35
58342702,14,18,2,3,38
39695567,20,14,6,5,32
67579998,21,14,6,3,35
43898503,8,4,16,6,37
51927945,7,12,8,7,34
50026226,10,8,12,3,36
18318054,24,10,10,7,38
68223907,16,14,6,4,37
52308623,24,15,5,8,37
42039435,17,6,14,6,36
72232205,24,20,0,7,35
28795751,17,15,5,8,34
46699632,21,7,13,7,36
20071808,7,16,4,3,35
47874292,22,16,4,3,33
48566538,11,15,5,8,32
56247583,8,14,6,3,35
68435758,13,4,16,8,37
66482193,18,15,5,6,37
44088341,19,17,3,8,34
73352903,20,14,6,7,34
65106319,14,15,5,8,35
70230230,16,4,16,3,33
72814235,17,7,13,8,38
60979831,24,6,14,4,37
45765011,16,5,15,7,34
53215961,18,4,16,6,37
63857391,8,16,4,3,33
63315042,15,2,18,3,36
39594684,14,14,6,3,34
64534687,11,1,19,5,34
25867996,18,15,5,8,38
68376665,16,8,12,8,36
49353615,10,20,0,6,35
68959665,9,8,12,3,32
35986583,10,15,5,3,37
41186226,18,18,2,3,37
28005186,12,20,0,5,35
23053736,7,6,14,6,33
27025463,23,1,19,4,37
68499641,19,9,11,7,32
69700703,22,10,10,7,38
27250566,10,17,3,3,36
43995241,13,16,4,7,33
34428138,10,9,11,4,34
49636446,21,8,12,7,35
59927814,19,14,6,4,34
25404465,24,20,0,6,32
38567996,24,2,18,3,33
44490668,10,12,8,7,38
28635254,7,0,20,7,33
17596139,23,8,12,3,33
25308641,19,17,3,6,35
22921874,19,4,16,8,36
26634252,22,7,13,7,36
29711803,15,19,1,4,37
45469296,17,2,18,7,32
70869416,19,14,6,6,36
55100882,24,16,4,4,34
47112974,11,17,3,3,34
69733086,8,9,11,4,38
57231620,15,20,0,6,35
66298504,21,20,0,7,34
41357434,8,2,18,4,37
61912840,21,12,8,3,32
59532574,8,2,18,8,33
67438986,13,8,12,7,38
57800349,18,2,18,6,32
59447868,7,10,10,6,34
54819819,9,12,8,6,34
24435246,24,4,16,8,38
34772952,15,0,20,6,32
34903037,15,4,16,3,38
59422426,10,15,5,5,35
42047823,15,9,11,8,38
68486011,14,9,11,4,33
27012958,17,16,4,3,35
36544699,7,2,18,8,36
40652222,16,15,5,6,34
19000340,16,2,18,6,35
47192284,12,20,0,8,38
54556883,22,13,7,3,38
23641603,15,14,6,8,34
61033622,11,9,11,4,35
25924216,23,2,18,6,35
17763872,11,2,18,8,32
37287861,8,14,6,7,37
21828596,20,18,2,3,37
39776727,14,0,20,8,32
46166661,21,15,5,6,36
36809483,21,13,7,5,35
58257927,24,16,4,3,37
47811419,18,20,0,3,33
32519732,21,7,13,8,34
22981415,8,11,9,4,32
25605676,22,16,4,7,36
69992638,22,19,1,6,36
54088347,7,1,19,5,37
41744358,24,16,4,8,38
46604306,18,6,14,3,32
33405088,16,1,19,3,38
64731501,22,1,19,6,36
54138097,7,7,13,3,35
33767601,7,11,9,4,32
34668170,13,0,20,8,35
50610831,24,12,8,5,35
57495114,8,18,2,8,37
51614110,8,16,4,3,32
31717118,17,8,12,7,33
54064843,9,17,3,5,32
33679902,20,13,7,8,38
53062570,21,0,20,5,37
67644462,12,2,18,6,34
62901955,22,19,1,3,35
45485387,11,15,5,7,35
28756779,15,15,5,7,38
69117042,21,10,10,7,35
30755518,17,2,18,6,37
68796171,20,20,0,7,35
63792433,21,11,9,6,37
55002977,15,18,2,4,36
17741796,19,14,6,3,36
62129655,17,10,10,8,38
28395703,21,15,5,8,32
25209578,13,6,14,7,38
17301348,16,20,0,4,36
56136915,13,5,15,4,33
48856157,12,2,18,4,37
34141618,11,1,19,6,35
52177244,21,1,19,6,37
76630112,8,11,9,4,36
47995856,12,3,17,5,36
40378983,16,16,4,4,34
19763526,24,17,3,5,33
38478260,10,11,9,3,37
34388102,11,2,18,3,32
51330571,17,9,11,4,35
17243318,10,4,16,8,37
20530739,12,7,13,6,37
28712921,10,10,10,6,36
22810805,10,3,17,3,38
18541811,20,15,5,4,37
69517290,24,13,7,5,38
35820216,23,16,4,8,32
60157106,23,19,1,8,34
67544282,13,3,17,3,37
51305369,23,3,17,7,32
75546754,10,18,2,7,36
77576062,14,0,20,5,33
55348973,17,3,17,5,34
41731945,21,14,6,3,35
52255976,23,7,13,8,32
40648512,8,13,7,6,33
67018196,12,20,0,7,32
44309224,18,3,17,5,35
52186613,10,15,5,4,32
25042855,21,20,0,3,32
69787003,10,4,16,5,37
71842300,13,2,18,7,32
23635470,21,18,2,6,38
46159039,24,5,15,8,35
65059177,9,10,10,3,37
58557080,11,9,11,7,34
44920963,8,12,8,5,38
28243573,22,7,13,8,34
62400241,21,14,6,4,32
25304395,23,18,2,6,34
20821411,13,2,18,3,33
42518664,24,18,2,3,34
67103475,13,18,2,6,38
71151148,17,6,14,3,34
20987772,22,7,13,6,34
49465694,22,11,9,7,38
47884340,9,4,16,3,38
73241341,15,3,17,8,36
39922164,14,16,4,6,36
50832181,22,1,19,5,32
70056639,16,1,19,6,33
69058532,24,14,6,7,33
57193536,19,15,5,6,34
33403296,7,1,19,5,32
47678205,21,14,6,7,35
45237097,18,10,10,3,35
33111589,15,11,9,8,37
54375351,12,0,20,7,36
43926329,16,8,12,5,37
59170252,13,11,9,6,35
60539177,18,12,8,4,35
52426120,8,2,18,4,37
59811302,17,15,5,5,37
61658990,7,16,4,5,37
72249401,15,7,13,3,32
53212032,21,16,4,4,36
44199726,21,15,5,8,32
27384057,20,11,9,3,33
47545570,16,15,5,4,35
75179411,16,2,18,7,32
55985463,14,8,12,5,36
57847856,19,12,8,4,35
36917848,18,2,18,8,35
44963167,14,12,8,4,37
57545716,12,8,12,7,35
70770806,13,9,11,5,33
54704047,7,7,13,3,38
76520678,18,5,15,8,38
27639732,20,17,3,7,34
76109988,8,1,19,3,34
69189459,23,20,0,3,34
23302441,12,6,14,5,34
53378239,8,14,6,7,38
22976157,15,16,4,8,37
67512475,21,17,3,8,33
42063811,14,7,13,4,34
47588289,11,11,9,3,32
59071669,7,14,6,4,36
55861306,8,2,18,4,37
65087994,14,19,1,3,37
61497376,8,17,3,5,32
45361784,21,3,17,5,36
43869439,11,8,12,4,38
26818145,14,8,12,7,32
22108251,16,16,4,4,38
51941749,18,18,2,5,33
42073887,14,3,17,6,36
20823959,14,3,17,3,35
39132324,21,8,12,3,32
24587432,20,11,9,7,32
77748370,8,1,19,8,33
74344560,13,5,15,3,37
32449895,8,17,3,7,32
28237851,15,6,14,3,38
55056030,19,6,14,3,35
44643768,12,5,15,3,35
72122411,12,16,4,6,33
56085430,8,2,18,3,34
61103536,15,13,7,3,37
77334310,24,17,3,8,38
27840341,24,1,19,8,34
25465960,21,7,13,8,36
34070340,16,8,12,8,36
73874713,23,17,3,4,36
48492188,21,14,6,8,34
56815703,19,15,5,6,35
56711708,22,10,10,6,37
71846804,13,6,14,7,32
23081587,16,5,15,3,33
65512474,18,11,9,3,36
18633420,12,11,9,8,35
18630156,15,15,5,6,36
64810280,11,9,11,7,35
17222892,16,17,3,4,35
64720506,12,16,4,6,34
52241484,22,15,5,4,38
38322224,21,20,0,8,35
57945153,16,12,8,3,32
44503519,22,5,15,6,32
42431385,24,11,9,7,35
39530763,8,2,18,8,33
22510329,14,5,15,4,35
34554311,11,9,11,3,36
76628183,10,2,18,6,32
21562599,17,6,14,7,35
41774559,15,16,4,3,34
50063065,12,1,19,3,32
40675557,23,2,18,7,37
24412408,11,18,2,4,34
48295569,12,3,17,4,37
52586538,11,2,18,4,35
65674241,17,20,0,6,32
71735487,8,4,16,3,38
40295638,9,17,3,8,32
30213044,23,6,14,4,38
20043677,10,16,4,3,34
48106645,22,19,1,8,36
39557768,24,0,20,3,36
74525174,8,13,7,5,34
18813781,20,11,9,6,32
27481177,19,2,18,4,32
57578345,20,19,1,7,33
77321642,11,16,4,8,38
67655509,19,6,14,3,33
76053589,16,18,2,5,33
50948247,11,5,15,4,36
68170640,24,3,17,5,37
27396682,23,14,6,7,33
73093426,17,12,8,6,35
20327184,14,17,3,4,38
56771635,8,13,7,4,33
30064202,13,3,17,4,32
65174776,14,13,7,7,33
68724144,23,10,10,4,33
28782296,8,18,2,5,36
45967292,24,5,15,8,38
18837742,23,13,7,3,36
52476023,19,16,4,8,35
48993160,11,9,11,5,33
38541116,12,4,16,8,34
63555315,14,14,6,4,37
48488158,14,1,19,6,36
26022542,19,20,0,3,34
75127505,17,0,20,3,35
71715091,18,12,8,8,33
59415837,12,4,16,8,35
73661094,15,20,0,5,37
40838650,7,6,14,3,35
18798855,15,6,14,4,34
71074684,18,15,5,8,38
22934528,22,3,17,3,38
46042018,23,10,10,4,33
56286524,15,20,0,8,36
48462004,16,7,13,4,34
76857310,15,17,3,5,34
64805308,8,1,19,4,32
55296981,18,10,10,3,34
63277818,15,1,19,6,38
55517842,21,13,7,6,32
41522914,8,10,10,5,34
42998615,14,5,15,8,33
70967028,21,15,5,7,38
37461668,19,7,13,7,32
71101324,17,7,13,3,36
55941881,13,2,18,3,35
40724391,19,10,10,3,34
46783448,8,11,9,6,38
48842697,22,6,14,3,35
44506812,15,11,9,6,32
17020828,14,6,14,3,35
54682743,19,16,4,8,34
49825919,14,4,16,7,33
30442105,23,8,12,5,38
55986511,15,14,6,3,34
35710502,12,2,18,6,37
37956488,13,13,7,4,32
36755802,22,14,6,5,35
23804218,9,20,0,4,35
46614244,22,18,2,5,38
77091629,16,6,14,7,32
75624363,17,0,20,8,35
21528001,13,20,0,6,36
33729745,24,11,9,7,34
30774719,19,2,18,3,33
49836751,24,9,11,4,32
25493938,18,20,0,3,33
19944173,17,17,3,4,34
61967574,23,15,5,6,37
24705040,17,5,15,5,35
57147187,16,6,14,6,37
49614517,14,15,5,3,38
36250250,21,4,16,5,33
35161941,20,11,9,3,34
76145313,16,2,18,7,32
40907004,14,0,20,4,34
42295511,7,5,15,8,36
40655015,23,18,2,8,32
50596540,16,19,1,5,35
77338161,24,0,20,7,33
59057402,9,18,2,6,34
74404821,21,1,19,4,36
64672671,11,11,9,8,34
34840085,12,9,11,8,36
20876507,22,15,5,3,36
57078677,12,1,19,8,37
23716410,13,18,2,6,37
18581429,16,9,11,3,37
33124432,11,10,10,4,33
41328528,18,1,19,6,33
56297082,10,14,6,3,36
60502976,11,19,1,5,33
37227189,20,0,20,7,36
62494228,22,13,7,3,34
73374482,20,3,17,5,37
37831731,21,12,8,4,34
51992983,7,6,14,7,35
49530368,14,19,1,5,33
60873225,12,3,17,5,38
75363044,17,13,7,4,33
71910300,19,9,11,3,35
55251253,13,6,14,5,36
28689899,12,1,19,6,33
19176264,7,6,14,4,38
48579016,22,1,19,6,32
63920039,11,20,0,5,33
41641860,16,20,0,6,32
76723685,8,20,0,3,35
26437142,12,12,8,4,37
23805467,8,16,4,5,38
42537094,24,6,14,3,38
70361008,15,17,3,6,35
62624691,15,6,14,3,37
45304445,17,10,10,7,33
42260690,13,5,15,3,38
56648353,8,16,4,5,36
32674753,21,19,1,4,33
74066707,9,13,7,6,33
23420366,16,0,20,8,38
66958847,11,8,12,7,33
32900594,16,14,6,7,38
49078320,22,8,12,4,32
23716037,21,10,10,3,33
70048304,19,15,5,7,36
47824348,20,6,14,7,35
42478008,20,6,14,4,32
54659085,9,8,12,3,34
26480196,21,5,15,8,33
52171367,21,2,18,7,32
18793527,22,1,19,5,33
37555047,11,11,9,3,35
16899775,21,19,1,7,33
21938942,22,15,5,3,33
63131595,17,15,5,7,38
47217688,10,6,14,6,32
69527797,23,7,13,5,36
70414360,7,12,8,3,35
50482124,20,15,5,7,35
77707736,23,7,13,7,32
30954357,17,15,5,3,32
33068273,18,4,16,8,38
33927604,20,8,12,4,32
35985065,16,16,4,8,34
45025475,18,12,8,5,32
27268599,9,0,20,8,38
16809237,7,5,15,8,37
64580955,9,11,9,4,34
65833946,10,20,0,6,36
61060114,17,15,5,7,32
43711489,9,9,11,4,38
54726904,16,13,7,8,35
52573833,16,1,19,4,37
19262488,10,7,13,5,36
22141659,22,2,18,8,37
58257948,8,0,20,4,38
32415614,20,7,13,3,34
42346397,24,9,11,5,36
45738158,18,4,16,7,37
26351244,23,0,20,4,33
38500116,14,7,13,4,37
26561391,21,5,15,7,35
22253448,24,17,3,3,33
71790495,13,7,13,4,37
39855705,24,16,4,3,36
61929921,20,15,5,4,33
45573133,11,7,13,7,33
59117667,14,15,5,6,34
21397797,23,2,18,6,38
66509546,14,20,0,5,32
73766960,15,11,9,7,33
54326599,7,13,7,4,35
31823890,18,3,17,3,37
30218962,19,7,13,4,36
73569557,22,18,2,7,37
37003008,13,3,17,7,33
19816243,13,4,16,8,37
45143460,13,11,9,8,32
32159767,18,20,0,8,37
63210795,7,20,0,7,36
76190915,7,5,15,4,33
24614531,20,15,5,3,32
52193316,8,11,9,5,33
71561553,12,2,18,3,36
32590103,23,8,12,4,36
52135526,13,16,4,3,34
71555418,12,7,13,3,35
72722363,23,6,14,4,38
58528925,13,16,4,7,32
41136869,22,15,5,4,34
53058492,9,5,15,6,38
71710266,7,12,8,3,35
56356120,17,9,11,8,36
73728350,15,15,5,7,37
44952864,7,12,8,5,35
33193446,10,12,8,3,37
58437037,8,2,18,6,37
32012942,13,13,7,3,37
19646981,19,0,20,7,33
23853769,12,1,19,7,36
20329007,14,0,20,4,33
47408624,14,11,9,4,34
51371937,22,4,16,6,33
56756398,23,8,12,8,37
45923580,19,12,8,8,37
49141000,8,12,8,3,37
51697618,9,11,9,4,34
26023306,7,6,14,5,33
60032492,15,7,13,7,37
26606137,22,20,0,4,37
76898645,24,0,20,5,37
23013065,15,12,8,7,33
49900139,7,11,9,3,35
76694810,12,7,13,3,34
23035242,19,5,15,7,32
36906298,7,18,2,6,36
59939658,15,6,14,3,38
47720371,21,0,20,3,33
38631490,16,12,8,5,38
44373142,21,15,5,5,35
68218194,20,6,14,5,34
67914138,24,17,3,6,34
55054876,7,11,9,6,38
18832440,9,2,18,7,34
76345476,7,3,17,8,36
18792606,15,10,10,5,35
29953107,22,0,20,7,32
49297801,14,10,10,5,38
76379467,8,20,0,8,35
49096930,14,12,8,4,37
59470956,12,6,14,5,34
28027310,19,12,8,8,32
34652570,17,6,14,5,37
55986121,21,17,3,7,38
43362231,22,8,12,3,34
71067195,22,13,7,8,35
59954901,10,13,7,8,34
19255083,18,2,18,5,33
28782044,7,3,17,4,35
66579069,13,6,14,4,36
34605773,9,14,6,5,35
35356615,11,10,10,5,38
33176778,23,4,16,7,34
24495890,9,9,11,6,36
48223032,21,18,2,4,32
67727840,16,8,12,3,34
32225839,13,2,18,8,37
34613394,17,7,13,5,32
17258172,10,4,16,7,32
46426553,7,2,18,5,35
17761011,14,1,19,7,36
31706565,20,11,9,7,34
62899719,21,7,13,8,33
24241521,22,9,11,8,35
40910627,19,18,2,6,36
36617071,21,12,8,7,32
46042528,10,12,8,7,32
35797349,19,10,10,7,32
39552961,14,6,14,7,32
73262527,8,2,18,8,36
48092514,14,6,14,3,35
68872551,10,9,11,3,32
48719749,20,20,0,8,37
17233518,17,2,18,5,35
24268252,24,4,16,8,35
47254198,15,17,3,8,38
70873012,16,9,11,4,38
44370208,19,1,19,3,38
46688060,23,5,15,4,33
39319376,7,14,6,4,33
22417622,10,19,1,5,35
66258843,21,20,0,4,37
21684934,22,14,6,4,32
60132412,18,9,11,3,38
56035141,18,20,0,4,37
76794327,16,1,19,7,34
31454261,21,14,6,3,37
32477266,12,9,11,8,37
24485450,18,16,4,5,32
69382168,15,11,9,8,37
26711937,24,12,8,6,32
77484467,9,15,5,5,35
72282574,11,10,10,5,37
35025712,14,17,3,7,32
24802089,10,2,18,3,35
42704529,17,0,20,7,34
50816644,17,18,2,7,35
67425309,7,10,10,5,38
23133040,18,4,16,6,35
42235435,16,7,13,3,36
62537848,10,15,5,3,32
30698630,21,13,7,5,36
56029916,20,8,12,6,37
41624590,14,16,4,5,38
55253673,20,12,8,8,34
49920135,11,0,20,6,35
46604481,17,2,18,5,35
25141662,15,2,18,3,36
74761097,16,14,6,4,35
26430810,13,6,14,8,35
71719162,9,8,12,5,35
64338857,23,18,2,4,33
61298427,11,18,2,8,35
23077079,16,8,12,7,33
76333093,14,18,2,3,38
18521024,18,15,5,8,32
67676163,14,17,3,8,35
73187235,23,13,7,4,32
75207370,11,7,13,7,33
19946496,15,2,18,7,33
52356705,11,4,16,6,37
52691454,8,14,6,3,38
19291904,16,0,20,5,34
20812644,22,2,18,7,37
49908342,17,12,8,6,38
18863956,11,3,17,8,35
72094543,15,10,10,3,34
35908392,20,6,14,3,34
31961709,8,17,3,8,32
72393901,7,17,3,4,35
23726191,16,8,12,7,34
41562785,9,6,14,3,36
58121823,19,11,9,3,33
19964327,22,16,4,3,35
43175166,12,15,5,5,34
18373786,7,1,19,3,38
57431065,15,2,18,7,35
55426968,12,18,2,5,35
56072139,23,11,9,8,32
45538181,23,4,16,4,34
65427475,7,1,19,3,36
34456592,22,3,17,3,37
37977353,8,15,5,7,34
33592663,12,6,14,6,37
65672256,8,8,12,8,36
30952070,13,2,18,5,34
71095488,18,16,4,5,36
22774955,18,16,4,8,36
29762433,14,4,16,4,38
40747588,17,11,9,5,33
35242552,18,4,16,6,34
76592026,9,16,4,7,33
61202125,7,20,0,3,34
20576773,18,13,7,8,34
30758835,15,8,12,5,38
39549181,12,6,14,4,36
76381720,16,7,13,4,32
28411224,21,5,15,5,33
56442996,17,9,11,5,35
63693118,7,13,7,6,37
35590241,17,15,5,4,33
49221280,22,4,16,5,33
50101573,12,18,2,3,34
74821870,17,8,12,4,34
32287332,13,9,11,8,33
71707432,19,10,10,5,33
29230609,22,10,10,6,34
55882861,10,11,9,4,35
43023350,24,4,16,3,35
29961128,10,0,20,6,38
29320285,12,3,17,6,37
40933101,18,3,17,8,36
20723182,18,10,10,4,37
70990458,20,16,4,4,32
66761767,7,8,12,5,37
17483048,23,3,17,4,33
64210586,23,13,7,6,36
47847967,9,4,16,6,34
28532922,22,4,16,8,35
34066851,13,0,20,7,32
48993865,7,15,5,6,37
73009746,19,1,19,4,38
29200354,12,2,18,6,36
50941279,20,0,20,6,35
17532567,11,0,20,5,38
32644798,24,7,13,5,36
62986636,21,17,3,4,35
69348458,8,9,11,3,38
58319330,16,13,7,6,34
48637294,22,7,13,4,38
27638933,20,11,9,7,36
51946373,12,6,14,4,37
36685604,7,10,10,8,34
36862693,10,0,20,5,37
59303710,10,4,16,4,34
64799401,18,8,12,7,36
49431245,21,19,1,3,38
18761721,19,10,10,4,35
25946915,17,0,20,3,34
32728099,21,5,15,8,32
27294919,9,4,16,4,33
69406149,23,7,13,4,32
55829466,18,18,2,4,33
37733441,19,18,2,6,36
68879424,11,0,20,6,33
62180143,19,0,20,5,32
34844713,11,0,20,6,38
25678836,9,19,1,4,33
23345104,24,2,18,4,33
33682153,24,3,17,7,35
17369788,11,11,9,7,36
42249247,17,8,12,4,32
77533532,10,0,20,8,33
50125438,16,7,13,3,33
67227967,15,12,8,8,38
21555492,16,8,12,7,33
33090915,11,16,4,4,32
55123502,14,10,10,8,38
37568264,13,5,15,8,36
46247668,14,4,16,5,36
17238802,19,0,20,8,34
30915935,9,13,7,5,35
60621291,21,4,16,8,38
33865459,13,6,14,3,37
68206563,13,8,12,4,35
26112079,15,4,16,3,36
35964144,11,8,12,5,37
53005113,19,12,8,4,32
48523625,24,3,17,6,36
45906613,24,15,5,6,37
69410369,22,10,10,7,38
74217168,8,19,1,4,36
29672239,12,6,14,5,36
47845553,12,14,6,6,32
29607327,23,4,16,3,37
61186364,12,9,11,7,36
77661812,16,10,10,4,38
70128541,15,18,2,8,35
55142364,7,4,16,7,38
44050360,14,12,8,8,35
73105686,8,7,13,3,35
24560356,12,18,2,3,38
23786470,17,1,19,3,34
74969252,18,3,17,6,35
60520635,15,16,4,4,32
66009478,13,0,20,5,37
37124090,16,11,9,4,34
65630461,20,4,16,3,33
44312598,21,20,0,7,36
48345538,19,6,14,4,37
73466378,15,12,8,5,33
31157624,24,14,6,6,34
42218383,14,11,9,6,32
70962209,15,2,18,5,34
71743129,18,5,15,4,38
24626554,7,15,5,4,35
20635006,13,4,16,8,34
45456661,20,0,20,3,38
48380990,18,5,15,8,38
52052691,11,13,7,3,33
42551615,24,13,7,5,33
72106319,13,3,17,8,37
68388158,19,2,18,6,33
75771601,23,9,11,5,35
59644302,14,13,7,5,35
57987609,24,5,15,6,34
29788236,24,14,6,5,33
29831608,18,1,19,7,37
48908038,8,14,6,4,34
69013507,14,17,3,5,36
39323268,14,4,16,7,36
38367527,10,19,1,6,33
44479815,13,7,13,7,35
66639712,18,5,15,7,35
38464584,20,15,5,4,32
21729202,12,17,3,7,33
34789583,23,6,14,3,35
41916960,11,12,8,8,32
26853439,24,16,4,6,34
57703085,22,17,3,8,35
37079316,9,11,9,4,37
56308494,21,7,13,4,32
61838878,9,16,4,5,36
38557403,16,3,17,3,33
19616074,7,12,8,3,32
65549272,20,5,15,7,34
48485260,8,4,16,4,33
34719977,9,19,1,8,33
67816106,24,1,19,6,36
35589186,11,15,5,3,37
25556925,14,12,8,3,38
23683658,17,3,17,6,33
69750823,18,6,14,5,37
56899422,11,10,10,3,32
20598991,16,18,2,4,33
37997696,11,18,2,6,36
43092251,7,16,4,4,38
64581520,7,12,8,5,36
30201166,22,13,7,5,37
43609781,16,5,15,8,32
33151894,11,13,7,3,32
20663165,18,7,13,6,37
29377754,19,4,16,3,36
63893617,19,3,17,5,34
60438099,19,9,11,3,38
50502826,7,4,16,7,33
71827531,13,6,14,6,33
43696711,19,2,18,8,36
56644273,16,19,1,5,37
62277996,19,14,6,7,37
17233206,22,19,1,4,32
49894294,13,16,4,7,38
58597837,19,2,18,8,35
22302904,22,12,8,3,33
42893622,11,3,17,4,34
55377805,24,3,17,3,38
35784011,14,3,17,8,32
27266575,19,5,15,5,32
46921661,24,13,7,4,35
25182372,20,17,3,3,37
18791004,11,12,8,8,38
56270586,24,5,15,7,35
21911813,9,20,0,4,35
45373387,16,18,2,6,36
33907446,9,1,19,3,34
30256067,9,0,20,7,37
35934414,18,20,0,4,33
71554524,8,19,1,7,36
48017417,9,5,15,6,38
46853150,16,9,11,5,37
42058636,21,14,6,7,32
29570857,10,7,13,3,38
77080023,14,15,5,3,34
25519540,22,0,20,6,34
36543169,17,19,1,8,36
52720366,13,3,17,8,34
68421166,18,14,6,3,38
66613026,8,3,17,5,35
48088471,13,12,8,4,37
34581111,10,17,3,4,37
52502022,8,6,14,8,36
35421732,12,12,8,4,33
75674058,13,8,12,4,33
39042379,21,0,20,6,35
46026413,9,1,19,8,38
57754243,19,14,6,8,38
27291891,7,4,16,5,32
41189941,17,1,19,4,37
74331476,13,20,0,5,35
50267299,20,20,0,6,36
35783161,13,8,12,7,34
52867488,21,12,8,7,32
57203124,14,19,1,8,32
74276224,23,18,2,7,37
48890325,23,3,17,4,38
38904355,22,4,16,8,38
69954338,18,5,15,3,38
20339463,12,16,4,6,34
66605394,7,0,20,5,33
49922697,12,14,6,3,35
52565356,13,12,8,6,36
62509251,15,20,0,5,35
72734361,16,17,3,8,34
75824401,10,12,8,7,32
71118901,18,5,15,3,36
74003687,14,0,20,8,34
43673700,12,10,10,5,35
57559241,24,14,6,4,38
24069101,20,13,7,6,35
20229017,15,18,2,4,35
69056776,21,14,6,6,36
37810468,8,13,7,4,33
27998851,17,2,18,3,37
21731937,7,11,9,8,38
75368517,16,0,20,5,37
45436121,12,10,10,7,35
40678582,16,11,9,5,37
18660387,24,15,5,4,38
47087561,12,14,6,5,35
27471493,9,12,8,8,33
65448273,21,11,9,7,36
76694185,7,18,2,5,38
48344660,16,0,20,3,38
37672981,13,2,18,6,35
76951683,22,18,2,4,36
60953940,20,10,10,6,35
40052249,9,0,20,4,32
55721876,13,3,17,3,38
68048541,22,2,18,5,37
47329274,16,11,9,3,32
26565876,15,18,2,4,33
48569291,24,1,19,3,35
60079368,18,4,16,7,36
68539254,13,7,13,4,37
38777881,12,11,9,7,36
21400277,8,18,2,8,35
71525717,7,20,0,4,32
17990971,11,13,7,4,33
55568428,21,7,13,3,38
50201067,14,15,5,3,32
24131779,23,3,17,3,37
59735651,16,11,9,8,34
46491808,23,19,1,3,33
67934195,15,13,7,5,33
53433256,10,11,9,4,33
69868790,22,18,2,4,33
67545620,13,7,13,4,35
17722862,15,7,13,7,33
20608242,13,10,10,4,33
33204944,9,11,9,3,34
64158309,12,0,20,8,38
31237160,14,15,5,8,36
25208587,21,9,11,6,38
46714937,23,14,6,8,38
49226890,14,3,17,6,38
17917473,12,4,16,6,34
54917048,15,8,12,4,33
27848090,18,11,9,3,36
41059419,9,1,19,7,38
57997016,20,9,11,3,35
76484409,13,5,15,5,36
50126755,22,3,17,5,34
39988562,12,4,16,7,33
43066731,13,6,14,3,37
43480012,20,1,19,7,38
66517873,7,11,9,4,33
57868704,11,10,10,5,37
74925722,18,20,0,3,38
36754472,16,3,17,8,32
65624945,9,8,12,3,32
68840269,8,17,3,6,32
21762703,13,17,3,6,32
67964187,7,20,0,8,37
30818493,13,2,18,4,36
50141668,14,7,13,3,37
31734758,7,0,20,6,33
58155300,22,6,14,4,34
66449234,7,4,16,6,37
56268250,13,3,17,6,34
43659159,11,10,10,8,36
51135623,21,11,9,8,34
31780101,21,15,5,8,38
66678798,11,7,13,5,36
72790906,22,4,16,6,32
40417845,8,18,2,3,34
38345182,20,0,20,8,36
59141343,12,12,8,4,37
54305032,12,3,17,6,37
68501402,17,3,17,8,33
58373581,21,1,19,5,36
22657845,11,1,19,7,36
42236344,21,13,7,3,38
69988548,15,10,10,4,36
19592623,7,17,3,4,35
26383346,17,14,6,4,36
51489401,17,15,5,8,37
53394861,9,19,1,3,34
20081163,10,1,19,3,35
73553886,13,11,9,5,32
73338885,20,18,2,7,33
33428360,17,12,8,8,35
17459370,9,3,17,4,36
40375166,19,14,6,8,38
68495955,9,12,8,5,34
59312783,11,20,0,5,36
42325142,10,6,14,5,33
74584485,11,19,1,3,38
43502946,9,16,4,8,36
75593901,14,5,15,6,35
51743661,22,3,17,3,34
63110499,7,14,6,7,36
76337849,24,11,9,8,36
34902291,15,12,8,8,35
53163493,23,8,12,3,38
39068706,7,0,20,8,37
42478994,14,11,9,7,35
34522901,13,5,15,5,35
50064967,12,2,18,4,34
47393888,13,4,16,8,36
69596191,15,18,2,7,35
42542555,13,4,16,7,36
49369954,22,2,18,8,37
52371003,15,18,2,7,36
24325995,22,20,0,4,33
46840858,23,19,1,8,34
66700693,16,6,14,5,35
76700036,21,9,11,7,34
41621589,10,16,4,7,35
66928070,10,18,2,3,38
49488954,21,17,3,6,37
60077754,15,1,19,7,36
25566066,7,3,17,4,34
28355614,16,15,5,6,36
69201939,14,13,7,6,33
49848702,10,15,5,4,34
63051950,14,12,8,3,32
27595400,21,17,3,3,32
37463025,11,0,20,7,35
56615076,11,18,2,4,33
28561248,12,8,12,3,35
17566850,20,18,2,6,35
56531209,11,3,17,8,34
28010337,17,1,19,3,35
57527860,22,0,20,6,36
33519637,21,16,4,4,38
67536471,22,20,0,5,37
51604211,11,9,11,3,33
24605458,12,2,18,7,32
58740965,23,9,11,7,37
31021023,17,12,8,7,38
57292296,12,6,14,6,34
29054125,22,0,20,5,34
65287986,14,18,2,8,34
66911941,22,20,0,8,37
20643417,11,19,1,5,38
38120373,20,16,4,7,38
47043461,14,3,17,8,36
48724983,24,10,10,4,34
56047001,20,12,8,4,32
69632117,22,9,11,7,32
40113802,15,17,3,8,32
17175291,23,6,14,3,35
27879348,16,8,12,3,33
71776900,20,5,15,6,33
54372947,14,2,18,3,36
68839080,18,7,13,7,37
49162903,19,3,17,3,32
22134801,15,20,0,7,37
46579022,23,12,8,8,37
33211748,18,16,4,7,34
68695747,9,19,1,4,33
72118081,8,18,2,3,35
43622867,14,1,19,3,37
25804916,9,8,12,8,35
47987939,18,3,17,7,38
48693131,18,12,8,3,37
74548820,24,20,0,3,37
57810460,11,18,2,3,36
64646035,11,0,20,8,37
33450933,22,3,17,5,36
71696841,24,14,6,5,36
73731632,17,13,7,3,34
66340931,24,2,18,5,37
54471666,20,20,0,7,35
42369383,19,0,20,3,35
51015817,12,3,17,6,32
71243318,21,17,3,4,32
19118891,23,0,20,7,36
37550014,7,2,18,6,36
21614340,14,14,6,4,35
66722983,24,14,6,3,37
59739931,9,14,6,8,36
73695356,20,13,7,5,37
22512246,19,2,18,8,37
47780668,9,7,13,4,35
18872842,10,5,15,7,36
73567832,18,8,12,7,34
66282530,9,15,5,8,32
45501680,21,13,7,6,33
44466198,9,2,18,4,37
21594473,9,10,10,7,38
73542315,18,18,2,6,36
52757520,12,3,17,3,33
33210532,19,16,4,8,37
28963181,15,17,3,6,33
40581230,12,3,17,3,35
74977446,21,9,11,5,34
36834237,11,9,11,3,32
71117596,18,0,20,6,33
25317245,15,13,7,3,34
41698430,20,15,5,3,35
75225256,9,15,5,7,38
51173845,16,10,10,4,34
20716655,14,12,8,8,38
39184309,22,8,12,5,38
35037413,7,19,1,3,34
18566025,14,2,18,5,36
37230865,11,11,9,3,32
46424999,12,20,0,6,32
34707473,11,7,13,6,37
21920076,22,13,7,4,33
51212123,17,6,14,4,36
31641853,9,14,6,4,32
72105685,11,10,10,7,34
59279935,8,19,1,3,37
47247412,14,5,15,3,32
56297429,12,18,2,4,36
64468709,12,9,11,4,34
20582015,22,14,6,6,37
67107978,13,13,7,4,37
51523689,24,16,4,8,36
68288439,16,10,10,5,33
73825745,14,1,19,5,37
63005209,8,7,13,6,38
70547245,16,12,8,6,38
29991404,16,14,6,4,36
18738567,15,20,0,6,37
55085108,23,10,10,5,38
68554597,8,18,2,7,37
41833665,22,12,8,3,33
50607211,20,12,8,3,32
23660277,15,15,5,4,38
58250139,9,20,0,3,34
56620667,11,16,4,6,38
57949639,15,14,6,4,38
36965194,20,17,3,6,36
54108461,23,0,20,8,36
28698648,15,15,5,4,35
53452826,19,4,16,3,35
40472471,18,7,13,6,38
49014348,11,7,13,5,36
37203806,14,1,19,7,33
52165273,13,4,16,6,33
52501147,22,13,7,7,33
23109322,24,8,12,4,35
37460649,8,10,10,8,33
45508651,21,1,19,7,34
54478471,24,15,5,4,36
23223837,9,10,10,5,32
69591085,7,19,1,8,35
29595161,24,5,15,7,33
47924809,8,7,13,7,37
40723848,21,2,18,5,37
38098232,15,11,9,6,33
53658753,21,12,8,5,33
73383077,16,9,11,8,34
74182164,13,20,0,7,33
54976391,7,16,4,4,33
74438768,13,4,16,8,38
36464468,15,10,10,8,36
46326213,12,12,8,5,36
76722119,24,14,6,6,37
60276031,8,19,1,5,35
18781247,20,19,1,6,34
74769626,24,7,13,3,36
48942386,22,5,15,5,32
39115438,10,9,11,4,36
36176129,14,10,10,8,38
74701141,19,5,15,8,36
59427893,7,15,5,3,32
70845867,22,10,10,4,38
75471798,19,10,10,7,35
39961618,9,13,7,6,36
19924485,9,8,12,6,34
24415200,15,2,18,4,38
40302818,16,11,9,4,38
17017772,7,1,19,8,37
40819977,24,6,14,8,36
23921614,22,12,8,4,35
55310592,21,10,10,3,35
40404809,24,0,20,6,35
66698532,18,14,6,3,35
32867094,24,16,4,4,35
29289856,16,3,17,7,38
44075318,7,9,11,4,37
34195862,21,18,2,3,36
53548007,24,15,5,7,35
49922367,22,1,19,6,35
54463556,13,18,2,3,32
75692272,21,15,5,3,32
42992050,10,2,18,7,34
23007102,20,16,4,7,36
57174461,7,7,13,3,36
38604881,20,13,7,3,35
47023811,16,17,3,3,35
70323130,20,20,0,5,33
42884336,11,5,15,6,36
75731461,18,14,6,4,38
49291357,23,15,5,6,34
60863839,8,0,20,3,34
42113659,15,17,3,3,36
62655172,22,11,9,8,34
70508492,8,7,13,3,32
75963881,16,13,7,7,34
46017613,13,19,1,8,34
32313461,8,2,18,6,36
75093130,20,12,8,3,32
45785690,17,18,2,7,32
45094674,15,19,1,8,38
32361692,22,6,14,8,36
66211620,18,7,13,6,38
54778214,13,18,2,5,38
53915585,14,18,2,7,35
24745033,14,11,9,3,37
50172325,16,18,2,3,32
41504302,7,7,13,5,33
32244995,13,15,5,4,37
52927399,17,10,10,3,35
53542705,13,18,2,6,35
74994231,7,9,11,3,37
31721470,24,15,5,7,37
55002697,17,11,9,7,36
65743502,21,6,14,4,38
57592434,19,6,14,7,38
54260294,9,12,8,6,37
46617327,19,19,1,7,37
44333304,24,8,12,8,33
34432461,17,15,5,5,34
59936909,13,2,18,6,38
61599523,11,19,1,7,32
58833016,15,0,20,3,32
42425899,12,0,20,5,36
32239170,22,20,0,7,37
61828276,10,0,20,3,36
72390802,23,20,0,7,37
47736216,12,0,20,4,37
30720871,21,15,5,7,33
45232250,19,20,0,6,35
18716471,15,7,13,5,35
20120586,15,19,1,7,34
29644897,10,10,10,6,32
37997047,7,4,16,5,35
62653933,11,14,6,8,33
31582754,11,5,15,7,35
47445308,21,14,6,7,32
27427308,24,2,18,3,35
67589104,7,14,6,5,32
19690656,7,13,7,8,32
76038122,15,12,8,8,34
61965188,13,13,7,6,35
27798924,10,17,3,8,33
67113473,23,10,10,3,34
26045690,8,19,1,6,37
56413892,23,20,0,6,32
62547688,23,9,11,7,32
27418161,11,5,15,5,34
65654349,24,7,13,8,34
64030017,7,13,7,8,33
56274071,22,14,6,7,37
20328429,24,18,2,3,32
34349734,18,18,2,6,35
28280974,18,3,17,7,37
47320654,8,1,19,8,34
74068382,12,11,9,8,38
50435692,23,9,11,7,35
40263266,17,14,6,8,36
55905187,8,12,8,6,33
19152230,11,5,15,6,34
18268495,17,19,1,7,38
40540525,20,15,5,8,35
45194869,11,3,17,7,37
54482189,14,19,1,4,34
23436043,17,17,3,4,37
54270911,8,4,16,5,38
25763789,18,11,9,7,33
43109663,19,3,17,5,35
37459011,23,8,12,7,37
36342005,8,16,4,8,36
22236224,15,5,15,5,32
77329976,21,4,16,4,35
34187438,23,14,6,7,36
77302161,9,2,18,8,35
27254610,9,11,9,8,34
75019693,21,5,15,3,32
30000690,17,16,4,8,38
30175684,24,17,3,8,38
33417642,14,12,8,8,37
42746526,17,6,14,5,33
73899364,21,19,1,5,34
18188542,19,6,14,6,35
33630798,21,16,4,6,38
63723513,12,2,18,6,38
53929254,15,12,8,8,32
24317294,9,0,20,3,32
42112239,17,15,5,7,33
68346813,9,3,17,4,36
35657476,19,9,11,5,36
21074740,16,4,16,6,38
44815198,9,7,13,6,37
34183445,14,17,3,7,34
36659603,8,5,15,7,37
74586585,14,17,3,8,35
42688586,15,5,15,4,33
23373585,9,18,2,8,33
64203855,9,15,5,3,34
28127480,9,9,11,6,34
66052838,21,11,9,6,33
62249401,7,15,5,4,32
66641816,10,2,18,8,35
36236522,11,5,15,6,35
33060013,13,17,3,8,36
59025536,10,7,13,6,35
63082129,18,19,1,6,34
21900266,11,20,0,5,36
44010138,22,5,15,7,32
72504291,18,4,16,8,34
74396778,22,10,10,6,37
59173145,23,18,2,4,35
70940432,14,7,13,5,34
55497345,20,16,4,8,38
33601986,19,1,19,4,36
48215547,12,9,11,3,36
55624425,24,12,8,3,34
75956930,18,10,10,3,35
33889330,17,2,18,4,36
58293454,8,17,3,3,33
17187350,18,2,18,7,32
49484467,22,17,3,4,34
49183404,14,16,4,8,32
72408733,7,17,3,5,35
73275710,14,18,2,3,32
48975179,24,15,5,7,36
44861787,12,2,18,3,35
67462970,7,3,17,7,34
29728711,7,13,7,5,35
56284815,11,5,15,3,38
71683628,14,2,18,7,33
20877422,13,17,3,4,35
35446950,23,20,0,4,35
73379893,8,2,18,8,32
60140322,7,5,15,3,34
71794627,23,3,17,6,34
52179138,23,10,10,4,35
64535118,12,15,5,7,36
51963374,9,8,12,6,34
26472037,15,4,16,6,38
46389174,8,2,18,3,34
17030923,9,8,12,8,37
32408034,12,5,15,7,37
71213257,17,14,6,3,38
30334401,8,15,5,8,36
74951928,7,0,20,4,34
48054119,24,15,5,6,32
47582411,24,12,8,4,38
49571146,13,18,2,8,37
44095039,8,17,3,5,37
25824219,22,11,9,7,33
73026221,18,1,19,6,32
59953834,15,17,3,6,37
66903231,11,0,20,5,37
59087789,8,15,5,6,38
21227564,20,7,13,5,36
61194309,9,6,14,8,35
47383510,7,20,0,5,38
51440766,22,9,11,4,38
42265122,21,12,8,3,38
40867326,23,12,8,4,37
74043907,22,12,8,5,35
52442190,11,3,17,4,33
66403649,12,15,5,5,38
71419524,14,0,20,6,38
41245138,11,8,12,3,35
70750614,20,5,15,8,36
53806592,15,3,17,7,32
33474770,20,18,2,3,33
67126878,17,19,1,8,33
17497060,8,2,18,5,37
60328014,11,11,9,6,35
42595123,17,14,6,8,34
39971344,15,9,11,6,37
28342167,14,16,4,8,37
45132148,20,17,3,8,35
17702537,7,4,16,8,38
67816400,8,20,0,8,35
43174522,10,9,11,4,33
43310804,16,2,18,7,38
47846953,22,2,18,8,34
50762297,7,20,0,4,38
50930513,17,19,1,4,38
75181177,14,9,11,3,32
73063024,21,0,20,5,35
30589252,19,17,3,8,35
44990874,21,6,14,5,32
71094261,15,10,10,8,33
65634994,21,4,16,5,33
75780751,24,5,15,4,37
38945209,13,13,7,4,38
69300103,19,19,1,3,32
73106933,16,11,9,4,38
40501619,16,16,4,3,33
21943486,15,9,11,3,38
60618678,15,16,4,3,38
72967572,10,15,5,4,35
55011517,12,14,6,8,35
49850472,19,16,4,5,37
43579777,18,12,8,6,36
25419716,20,11,9,7,35
73872736,20,13,7,4,33
59253724,7,5,15,3,32
62635147,16,4,16,7,34
22887105,19,13,7,5,37
74623359,10,14,6,4,34
43847810,23,12,8,3,37
63117976,17,7,13,3,36
48652909,10,4,16,5,37
76223164,15,8,12,5,38
36905279,13,3,17,7,38
18787047,7,12,8,3,38
69743139,19,14,6,3,35
24541907,17,8,12,5,32
19651374,18,0,20,5,36
58976454,12,4,16,8,33
68891716,19,14,6,5,36
49811031,18,17,3,6,33
65732503,18,19,1,6,37
32971710,12,2,18,5,38
58988414,12,20,0,8,35
37680829,17,16,4,6,34
32216986,18,8,12,5,38
22199030,11,11,9,7,38
33212541,7,3,17,3,34
22521650,15,20,0,6,34
55425435,9,5,15,5,35
69019040,8,13,7,5,34
67067994,16,3,17,4,36
34157584,22,10,10,6,35
31180899,22,4,16,8,34
41840181,18,13,7,3,33
52549742,22,12,8,8,34
66239834,11,2,18,3,32
72164171,21,19,1,7,38
61761007,16,1,19,5,34
63125819,23,11,9,7,32
50416562,11,12,8,3,36
37114306,11,8,12,7,33
18608144,22,9,11,6,35
74859091,19,1,19,5,37
46079160,7,7,13,4,36
18299476,22,2,18,6,36
49118514,19,9,11,6,36
46467005,20,20,0,8,35
62385158,17,1,19,6,38
37137213,20,14,6,8,34
77365177,7,10,10,6,32
19964638,8,8,12,3,33
28295023,15,2,18,6,37
17411847,9,2,18,6,37
63174913,9,1,19,7,35
66515752,11,0,20,6,32
28378094,7,18,2,4,33
18310707,7,19,1,5,35
37506635,12,20,0,3,32
27842369,9,11,9,3,37
38570683,16,18,2,6,34
46860779,13,17,3,8,35
55600505,17,3,17,6,34
53651503,17,14,6,3,37
44227618,18,7,13,8,37
71797475,9,15,5,5,35
56645331,12,6,14,6,36
53628394,12,5,15,4,34
44497000,24,19,1,3,34
47496565,17,16,4,4,34
21290471,23,11,9,7,36
39133147,8,10,10,5,38
34105528,7,10,10,5,38
50645023,11,12,8,8,37
30741229,22,10,10,6,36
36907324,22,14,6,7,38
25506380,7,15,5,6,33
28566329,19,17,3,5,34
52994648,10,0,20,3,33
45797780,17,3,17,3,32
77646963,7,20,0,5,32
55371609,13,2,18,4,33
67287748,18,5,15,4,35
38241784,21,18,2,7,38
56716762,17,5,15,8,36
30383304,16,4,16,5,38
36019689,20,2,18,8,35
48343916,20,17,3,7,34
66525190,13,1,19,8,36
52951535,11,12,8,7,38
64253414,9,3,17,3,34
47541261,23,2,18,5,33
22451673,21,11,9,8,35
33906960,21,18,2,5,34
43209981,10,16,4,4,32
66165523,14,11,9,3,37
49633027,20,11,9,6,37
69995503,13,2,18,3,38
44814565,18,18,2,3,34
30634910,23,8,12,4,33
19972816,23,6,14,7,33
25601436,14,12,8,5,34
73624462,20,12,8,3,33
62781707,17,0,20,3,32
23032933,13,12,8,6,34
36200183,23,15,5,3,36
60334267,18,19,1,3,36
27646084,13,11,9,4,37
21086738,13,8,12,5,37
18724861,10,16,4,6,32
27254907,8,3,17,6,35
71106849,18,13,7,7,32
29960337,8,13,7,6,36
41044241,23,13,7,6,33
41128085,23,19,1,7,35
74889385,23,6,14,4,32
59697483,9,8,12,8,35
33246117,17,12,8,4,37
31393633,16,5,15,6,34
31397727,12,3,17,3,37
51232311,18,2,18,6,33
69020413,13,7,13,4,34
20465251,20,13,7,5,38
57065743,20,17,3,5,35
67369507,11,7,13,5,35
36868148,17,3,17,3,38
30459194,20,8,12,5,38
17096700,21,4,16,3,33
51877895,7,15,5,6,37
21165886,11,19,1,4,38
27415216,19,5,15,8,36
67427161,7,6,14,8,37
36873852,9,18,2,5,38
27315556,22,9,11,5,38
28903584,20,12,8,8,34
74279764,21,2,18,5,33
66368437,7,3,17,7,32
29472674,12,12,8,6,33
46639570,17,10,10,4,33
30612474,12,8,12,8,32
44949274,18,6,14,5,35
58256771,21,16,4,3,34
29801991,24,3,17,7,32
58780989,10,10,10,8,34
25342380,24,9,11,5,32
18696143,23,10,10,5,34
46940151,21,1,19,5,35
60535008,18,16,4,6,38
62347274,13,11,9,4,34
53805745,13,8,12,6,37
63611805,8,3,17,3,36
55420901,16,15,5,8,32
24355919,21,10,10,7,33
24965838,23,13,7,3,33
39077541,15,7,13,7,34
44460715,22,13,7,4,36
35966379,14,4,16,8,34
19366918,13,19,1,8,36
22027864,24,18,2,7,34
62025545,8,3,17,4,32
75271263,19,17,3,5,37
74132005,15,18,2,6,38
42167733,16,17,3,4,35
60392694,9,18,2,7,36
22200259,11,1,19,5,32
76389779,12,20,0,6,35
49988018,21,12,8,6,35
51147938,7,10,10,3,38
52773039,9,10,10,7,35
65981517,13,3,17,6,38
40531027,19,6,14,5,32
66674615,24,9,11,4,33
48344899,23,14,6,3,34
51643185,10,13,7,6,34
37758783,19,16,4,7,34
43073260,22,1,19,6,38
22765208,19,16,4,4,36
75629189,7,12,8,5,33
27790439,21,2,18,8,36
38401589,23,18,2,7,36
25113190,11,16,4,3,38
58548322,24,0,20,7,36
35687725,23,17,3,3,35
77107151,12,20,0,5,38
33013483,10,11,9,4,34
19930529,9,15,5,6,37
30742767,23,9,11,7,33
19850810,10,3,17,7,36
68111285,9,8,12,8,38
41172908,24,4,16,7,37
17902900,20,8,12,7,38
65830906,12,16,4,4,33
41454103,14,6,14,3,32
29995956,13,8,12,8,35
31799603,8,16,4,8,37
57077655,10,8,12,6,35
21573084,14,2,18,7,38
72505829,15,8,12,6,36
77740841,7,16,4,6,37
21027884,11,20,0,7,38
75024442,17,18,2,5,38
27586156,17,19,1,8,35
37619086,20,6,14,8,33
30281324,10,6,14,6,33
16836287,8,9,11,6,33
20953235,8,6,14,7,32
26494853,18,13,7,3,35
72350703,11,20,0,6,36
74089973,19,3,17,6,37
59347738,11,10,10,5,33
25816220,23,18,2,3,35
21896073,23,0,20,8,38
53076468,18,12,8,3,36
46239651,22,3,17,8,35
29489361,20,19,1,3,37
29885741,22,11,9,6,38
34160886,16,1,19,7,33
70707837,12,9,11,6,34
28967414,8,7,13,5,32
37818223,10,17,3,6,36
45945923,10,11,9,6,33
54673725,22,19,1,8,37
44915225,9,19,1,8,33
39684966,16,7,13,4,37
32202493,22,7,13,8,33
76223974,10,13,7,3,37
64968454,16,2,18,6,38
65825586,18,10,10,7,34
26601351,13,6,14,6,34
30731231,19,14,6,5,33
53636041,9,16,4,7,32
27323946,11,17,3,6,35
68232520,13,4,16,7,36
66489049,9,6,14,3,38
55827126,11,9,11,3,34
64979278,18,10,10,3,37
65185900,17,8,12,6,32
30844456,7,16,4,4,32
72662077,9,9,11,8,33
31709251,20,14,6,3,37
17192243,7,19,1,4,34
61070487,14,11,9,5,37
33820182,10,1,19,8,33
66038449,15,4,16,4,37
26570995,23,14,6,5,32
46174140,15,4,16,6,38
50688919,17,9,11,3,37
26168811,12,19,1,4,32
70412348,10,0,20,4,32
58792385,18,15,5,7,35
54926564,14,20,0,6,36
31905183,22,15,5,5,32
73342686,7,5,15,7,38
48075136,10,4,16,5,36
43311261,14,4,16,3,37
76425634,15,13,7,5,32
47515563,11,0,20,3,37
18315766,22,17,3,8,38
63974420,15,20,0,7,36
53262791,18,7,13,6,38
52711735,14,8,12,8,33
27040426,15,1,19,7,38
17772256,14,11,9,5,33
44121500,20,11,9,5,35
62037082,12,17,3,7,36
22755919,14,12,8,7,37
53056493,22,2,18,4,32
30946670,13,10,10,5,34
51019245,21,9,11,6,34
31172192,23,14,6,3,34
44558812,12,16,4,4,34
61579460,12,6,14,5,37
48970605,9,11,9,4,35
42987478,10,6,14,8,37
22030166,15,7,13,4,36
33162762,22,7,13,6,38
69017306,21,11,9,6,33
48669395,14,2,18,8,35
59457931,12,12,8,5,38
20482212,18,0,20,8,34
37665968,24,16,4,6,36
65107120,20,13,7,5,37
64850466,17,5,15,5,37
66001226,23,18,2,8,36
64934715,10,19,1,5,33
17301184,16,19,1,6,37
57434748,19,7,13,5,36
35759482,23,0,20,6,32
65502351,12,16,4,7,35
74175368,18,14,6,6,37
29347918,8,6,14,5,36
34750980,10,6,14,5,38
19172511,7,8,12,6,36
66236104,19,10,10,6,35
41060134,16,7,13,8,37
20570620,12,4,16,7,37
51381301,22,15,5,3,35
66156141,23,1,19,7,36
67549124,11,4,16,4,35
31307994,18,0,20,7,37
57186466,14,12,8,3,32
39292783,8,12,8,6,36
30756895,13,14,6,7,35
51928982,7,0,20,8,33
23364918,18,0,20,3,33
77330186,19,5,15,4,34
42087688,24,15,5,6,33
69451278,10,15,5,8,36
41036876,21,14,6,8,38
70981094,10,15,5,8,36
69432868,21,20,0,6,36
30166220,12,16,4,5,37
33414926,15,14,6,8,32
28718750,10,14,6,8,38
21924277,7,5,15,3,38
59663179,11,3,17,5,33
29070831,19,14,6,6,33
77772258,17,1,19,8,37
20999127,9,12,8,6,38
42010540,21,8,12,7,37
61300319,9,9,11,4,33
75897520,16,20,0,4,33
44078674,13,13,7,4,37
22538698,20,15,5,3,33
72037430,11,18,2,4,36
26090330,20,18,2,8,38
21431016,22,14,6,5,35
19750358,23,13,7,8,32
43765734,7,3,17,5,35
46433355,11,4,16,5,38
42301391,14,2,18,6,33
66670157,15,5,15,7,36
62972907,19,16,4,3,33
75384995,17,18,2,7,34
20262285,16,19,1,6,37
43689360,17,13,7,4,36
59736601,7,6,14,3,34
68337061,24,12,8,3,34
29774451,13,6,14,7,33
55518023,15,20,0,8,38
42565511,19,6,14,3,34
38334098,19,11,9,4,36
25545131,10,3,17,4,32
30446959,9,2,18,6,35
43285276,9,0,20,8,36
22733100,21,9,11,6,35
60785544,11,4,16,4,32
18286346,19,10,10,3,37
66809934,8,20,0,7,38
41911681,22,16,4,6,33
76791794,24,13,7,6,33
34218073,19,20,0,5,35
70109553,14,7,13,7,34
77196427,10,10,10,4,33
20946588,14,8,12,4,38
33871147,10,14,6,4,33
76412366,8,5,15,4,32
49381864,22,20,0,7,37
62845065,12,8,12,4,32
48765783,10,14,6,5,32
28318195,21,4,16,6,32
65031392,20,13,7,5,37
64742719,14,20,0,4,33
72870198,19,13,7,7,36
70145520,12,17,3,6,33
70734755,19,15,5,6,35
51818302,13,17,3,4,37
53287942,9,2,18,5,34
44666820,19,10,10,8,34
33258660,7,16,4,3,37
71819639,17,6,14,8,34
41763697,17,14,6,6,32
64261748,10,20,0,8,34
49108287,22,18,2,5,32
33955171,17,5,15,4,32
66366074,18,16,4,6,33
48185848,18,14,6,4,34
55588847,12,17,3,3,34
33468134,20,0,20,3,35
53562030,24,2,18,3,34
25088004,17,20,0,8,35
22113338,16,13,7,5,35
45775950,20,19,1,6,37
69566085,23,18,2,7,36
62885682,11,11,9,4,33
76498895,8,1,19,4,34
53683748,19,8,12,4,35
41760124,23,15,5,3,33
26108762,16,2,18,8,37
41262691,9,14,6,7,34
62406999,12,4,16,3,33
17859854,20,3,17,6,34
53856840,24,6,14,7,33
41282062,21,18,2,4,36
54717552,17,19,1,3,34
72544149,23,14,6,6,32
45701682,24,15,5,5,37
73231498,10,11,9,6,38
72713935,7,0,20,3,38
61362920,17,13,7,7,37
47398765,15,15,5,8,37
68433740,14,11,9,8,35
73283113,8,20,0,4,36
66482097,16,15,5,4,37
20455534,13,18,2,5,38
19479988,10,1,19,5,36
56338778,8,14,6,5,32
69539634,7,19,1,3,33
40650050,19,18,2,6,35
52890362,24,4,16,8,33
46424183,8,19,1,3,35
76259298,9,5,15,6,37
51564712,14,17,3,4,35
46267741,9,5,15,3,32
56739393,13,3,17,8,34
22893035,20,18,2,7,34
23718927,12,14,6,8,33
31130995,16,1,19,7,38
36305832,11,0,20,4,34
51450242,7,1,19,3,34
37865951,15,12,8,4,35
41121984,18,0,20,5,34
37341729,11,15,5,3,35
76237933,16,12,8,4,37
65250670,23,3,17,5,37
48100777,16,20,0,7,33
37097496,8,4,16,3,33
38901219,9,15,5,7,33
27941583,16,12,8,7,32
21391613,17,13,7,3,37
53292207,10,1,19,7,36
35802420,21,5,15,4,36
42139750,22,4,16,7,34
67272715,18,1,19,7,36
62165621,15,18,2,4,32
39787375,18,7,13,5,32
47773715,8,16,4,6,34
36938208,10,12,8,3,35
45731054,19,17,3,5,35
18807246,14,12,8,8,33
46858096,24,3,17,5,34
58775726,12,13,7,8,37
17400650,14,3,17,5,34
61761970,8,0,20,5,34
39348386,21,9,11,4,33
28895050,24,15,5,6,33
49274999,21,20,0,8,34
56821102,9,18,2,8,33
28543994,24,9,11,8,36
51685483,11,3,17,4,33
27605578,14,19,1,5,32
18897479,10,20,0,5,34
38401763,11,6,14,3,36
22740892,10,1,19,8,34
18535110,21,18,2,8,33
77580492,10,2,18,8,35
42901637,23,11,9,4,32
66983399,17,7,13,5,33
21740675,8,19,1,8,33
56937510,13,1,19,3,37
64905019,11,13,7,3,37
53734623,18,11,9,3,35
60619614,24,6,14,4,38
67094177,22,0,20,5,38
50853506,18,7,13,8,38
63505016,21,13,7,5,37
21199231,11,10,10,3,36
52634913,21,0,20,5,37
62891070,20,11,9,4,33
45799599,9,6,14,4,36
54047246,24,17,3,6,36
55393340,8,8,12,6,36
65366309,18,8,12,8,38
47870477,9,2,18,6,34
77159019,21,4,16,6,34
23126454,11,20,0,4,37
49167028,12,0,20,7,32
76566038,9,1,19,8,33
45380621,15,17,3,6,32
65366659,15,3,17,6,32
43886919,23,2,18,5,34
30250654,11,20,0,4,37
31116328,21,7,13,8,32
22819508,23,1,19,5,37
49689474,22,4,16,8,35
29017290,15,12,8,3,34
71715292,24,12,8,8,33
29154593,23,19,1,8,32
41688270,22,11,9,8,38
68527117,15,5,15,4,36
22354547,9,10,10,6,32
27203045,14,10,10,4,35
21020407,19,7,13,5,33
44831716,18,13,7,5,34
64801803,23,16,4,3,38
23112527,16,4,16,3,34
42240640,23,18,2,6,32
48980829,7,16,4,6,36
29666015,14,20,0,5,33
36544358,19,4,16,4,35
76726059,20,5,15,4,36
41353203,14,9,11,7,37
40173844,22,14,6,3,36
71761563,18,9,11,7,37
33491694,9,7,13,5,33
21216002,7,8,12,5,34
33159000,22,15,5,4,38
67119606,18,12,8,5,37
19032549,19,3,17,7,33
34922714,14,14,6,4,32
56948371,10,18,2,7,33
59044015,15,9,11,7,34
21518018,14,10,10,5,33
55164717,8,12,8,6,35
62152534,11,1,19,4,36
34220804,18,16,4,5,33
44980827,9,19,1,5,37
57629911,12,10,10,5,33
71263206,10,15,5,7,37
45425383,10,13,7,7,37
53151635,21,16,4,7,38
36021353,19,0,20,8,34
77613904,15,0,20,7,37
70806531,10,17,3,4,34
57257234,24,20,0,5,32
67756651,14,3,17,6,38
35431784,17,4,16,4,34
35467572,19,19,1,7,33
26374059,8,3,17,7,32
59957189,21,5,15,8,32
62580332,16,19,1,7,32
53254989,12,11,9,5,35
30235389,10,3,17,8,33
20298017,10,12,8,5,38
24927239,7,18,2,5,37
60029447,23,6,14,8,38
66481158,10,3,17,7,34
49339474,21,2,18,3,35
72528037,12,0,20,7,37
35805756,22,12,8,5,32
22460266,17,10,10,8,37
45330410,17,7,13,3,33
60884984,22,19,1,6,36
33087575,19,7,13,8,38
26583538,24,20,0,4,34
59294840,13,6,14,7,35
22673107,21,7,13,8,34
56290632,14,12,8,7,33
66649985,7,10,10,8,38
48526371,22,6,14,6,34
51602351,11,2,18,5,32
20236692,9,20,0,7,36
32689379,11,18,2,5,32
21165622,12,7,13,7,35
35062629,9,6,14,8,37
70465657,21,1,19,7,37
19471054,18,12,8,6,34
34951216,17,14,6,3,34
58845606,24,1,19,5,32
67795737,22,0,20,4,37
42279516,16,4,16,4,37
68485427,9,1,19,5,32
25429782,14,0,20,6,33
28052152,22,12,8,3,35
57077453,7,12,8,5,38
44930878,24,11,9,3,32
20472434,23,7,13,6,32
17916291,13,1,19,6,38
34481614,13,20,0,8,32
52872604,10,3,17,8,32
42401076,12,12,8,7,33
27138708,10,9,11,7,33
65946368,21,15,5,7,33
57536811,16,1,19,7,35
74593756,15,13,7,5,35
29290786,23,3,17,5,37
53159189,21,9,11,5,35
19541203,21,15,5,6,37
26100820,21,8,12,4,35
41517671,9,13,7,8,37
59724219,11,14,6,5,32
28321137,23,9,11,5,38
35332256,11,7,13,8,34
43794953,23,7,13,4,35
45308380,15,13,7,3,36
74388598,7,11,9,4,35
55147823,17,19,1,3,38
25018631,7,20,0,8,33
57860076,7,15,5,3,34
53502196,10,14,6,4,35
56672151,24,10,10,3,32
38854104,14,11,9,5,33
58894516,11,3,17,7,37
26688028,13,4,16,3,33
46271066,15,4,16,6,32
24597099,24,2,18,8,38
62870477,23,16,4,4,33
30070137,8,18,2,5,35
61548746,21,12,8,7,32
62207428,15,3,17,7,37
47642959,22,11,9,3,33
20074087,15,20,0,4,32
55798611,18,12,8,7,38
23893328,14,2,18,5,36
33746096,21,6,14,5,38
23028128,19,8,12,6,33
46456544,7,3,17,4,33
30600808,21,5,15,3,36
51063974,22,6,14,7,34
73938921,18,19,1,6,36
55119128,13,0,20,7,38
47695234,12,20,0,6,32
29629147,16,15,5,7,38
76645370,18,4,16,8,36
25193764,14,12,8,4,32
38430967,13,6,14,4,35
61969380,12,7,13,8,36
26273574,15,9,11,8,32
19405741,13,13,7,5,32
43551290,24,8,12,3,37
35921310,8,7,13,7,33
32261356,17,15,5,3,34
31692369,14,18,2,7,38
72303062,23,12,8,5,32
35496730,24,10,10,6,37
54773986,7,0,20,4,34
61698246,10,13,7,6,36
40204663,21,14,6,7,35
30184008,19,4,16,4,34
17721025,19,1,19,4,32
29289101,21,20,0,6,38
54184985,20,10,10,3,33
57778249,22,10,10,7,34
39881838,11,9,11,4,37
63125757,24,11,9,7,35
51559394,17,6,14,8,38
61748647,24,19,1,6,37
69008770,15,12,8,5,35
64734297,11,20,0,6,37
24688649,23,10,10,7,38
74883593,23,7,13,8,38
27122369,7,12,8,7,32
49057976,18,0,20,8,35
28844285,19,2,18,3,38
17200710,8,10,10,7,37
28107657,23,14,6,3,33
19563340,18,8,12,5,38
32416426,9,14,6,8,35
57448204,9,16,4,4,38
27694433,19,19,1,7,36
31899736,10,16,4,5,36
71021329,21,20,0,7,38
50936131,15,20,0,5,35
64299907,14,10,10,8,32
17530345,19,18,2,4,38
19973124,8,6,14,4,38
56387900,24,13,7,3,33
57838145,21,3,17,4,34
20125021,10,6,14,3,34
22539563,16,0,20,8,34
34361087,19,9,11,4,35
40030958,22,3,17,6,35
39479431,10,18,2,8,37
50814464,8,10,10,4,36
53261501,10,2,18,7,37
64491461,17,17,3,3,35
40178851,21,20,0,4,33
31303990,18,12,8,4,37
71294577,18,10,10,6,35
58938806,13,9,11,5,36
39964682,10,16,4,8,33
54527591,19,10,10,7,37
27943449,19,1,19,7,32
51667136,19,20,0,3,33
76780697,12,7,13,3,36
67143692,19,11,9,4,35
64308188,9,16,4,8,35
31179284,11,8,12,6,36
25661522,9,13,7,3,33
54868327,17,2,18,3,35
20405285,17,18,2,4,38
47660494,8,0,20,8,33
69887008,14,17,3,6,35
57715496,7,8,12,4,35
59803714,24,1,19,4,32
20116860,14,0,20,8,33
57617384,11,2,18,5,38
53967649,22,2,18,7,37
58210938,24,9,11,4,34
48782393,18,0,20,4,34
57046934,24,0,20,5,33
47038181,11,11,9,7,33
67524095,10,19,1,5,37
33365548,10,1,19,6,38
35301730,10,2,18,4,38
49232480,16,14,6,4,32
66270701,13,12,8,4,32
32980396,23,9,11,6,33
29123849,13,8,12,8,35
32094811,14,2,18,5,32
20119069,22,16,4,4,36
44462936,24,4,16,8,36
67140286,17,0,20,4,36
65882597,20,15,5,3,37
72261585,9,18,2,4,37
43795092,17,2,18,6,34
56233592,12,13,7,7,35
43082886,14,5,15,6,34
59000747,21,16,4,3,36
77098134,10,16,4,5,36
32749454,22,19,1,8,32
67142092,8,7,13,6,36
22542350,10,11,9,4,32
26848596,15,10,10,3,37
25331552,18,11,9,4,33
67083252,22,7,13,7,33
59881084,16,19,1,4,32
24646911,19,2,18,8,33
54667470,15,3,17,5,32
60854726,24,13,7,8,37
68833193,21,4,16,3,35
72229293,20,17,3,8,33
75581113,23,8,12,5,35
54583535,19,5,15,4,32
75497553,13,10,10,8,36
19746889,11,2,18,3,37
30849168,14,0,20,3,33
32654448,11,5,15,6,35
69931535,19,1,19,6,35
25036397,23,1,19,4,32
23906182,12,10,10,8,34
53835407,19,4,16,6,36
55973681,8,3,17,7,37
71499877,19,1,19,7,33
63304943,24,19,1,4,38
72240629,22,10,10,5,33
72621071,13,14,6,8,35
26450812,22,1,19,3,33
71516083,15,8,12,5,36
65476358,11,5,15,6,33
59327359,9,8,12,5,34
77056752,10,0,20,6,34
35682803,19,7,13,5,34
50782879,22,14,6,3,32
31856701,24,0,20,4,38
18258564,17,13,7,8,37
17110617,19,2,18,6,35
35831960,20,18,2,3,35
66205718,16,9,11,8,36
38981909,12,8,12,8,32
41948889,20,20,0,6,32
25764630,23,8,12,7,34
22736059,11,14,6,3,35
22667317,9,11,9,6,35
28447580,13,16,4,7,38
29060809,24,6,14,3,36
44647015,9,17,3,8,37
34166701,14,2,18,7,38
42830253,19,12,8,3,33
42859126,19,9,11,6,38
65970867,8,15,5,7,34
62813937,10,4,16,4,38
49808985,18,14,6,5,33
25948316,11,16,4,3,35
29230927,22,15,5,5,35
44019510,21,19,1,7,36
41355129,9,16,4,3,37
65325635,10,17,3,6,37
77721931,24,12,8,5,33
54019356,14,18,2,7,38
67738390,18,3,17,4,35
50834864,19,4,16,4,37
56755341,14,16,4,5,34
32820936,10,1,19,4,38
41591686,10,9,11,7,33
70414212,11,18,2,8,32
76002937,17,20,0,3,36
73438249,20,3,17,7,32
41431647,8,14,6,3,36
46266451,7,17,3,5,37
60752121,9,16,4,8,35
37379270,12,8,12,7,38
18221480,22,13,7,3,38
52966447,18,14,6,4,35
63536703,8,5,15,8,37
33552100,16,0,20,6,35
31167273,20,15,5,6,32
32544023,19,4,16,7,35
18154983,14,14,6,7,35
56678091,8,3,17,4,32
22912058,15,16,4,3,38
75026113,9,8,12,5,38
33619265,11,9,11,4,35
61025785,22,10,10,6,33
26961960,13,8,12,8,33
33631670,21,4,16,8,37
17535875,22,2,18,7,33
52054741,8,4,16,8,37
72136781,9,2,18,8,33
45213021,12,12,8,6,37
65082317,14,20,0,7,32
62271743,10,10,10,3,34
29425420,13,2,18,4,37
62028699,16,2,18,3,36
29277441,11,17,3,7,32
29002143,8,18,2,8,34
29704675,16,3,17,5,36
50997068,19,20,0,5,34
23502846,9,17,3,5,35
35887298,12,20,0,6,32
60681033,12,10,10,7,33
68978405,13,15,5,7,35
63211462,16,15,5,8,38
18011947,7,11,9,8,35
23472693,16,19,1,3,38
34131748,21,16,4,5,38
68191530,17,15,5,7,35
64743240,20,11,9,8,34
76656282,19,10,10,6,34
55424740,15,17,3,4,38
69217501,24,7,13,4,34
29512247,10,6,14,7,35
59002849,14,20,0,6,35
23275427,12,7,13,4,37
33581093,24,7,13,4,35
27033304,23,13,7,3,35
69075609,20,6,14,3,36
64365246,12,3,17,7,37
56307235,24,12,8,5,36
48315873,17,11,9,4,35
72589070,9,15,5,6,37
26599593,23,4,16,8,34
18308189,20,18,2,8,36
25433543,23,12,8,6,33
19987463,11,7,13,8,38
66024357,9,17,3,8,38
25063477,11,15,5,5,36
56304012,20,16,4,5,32
30750329,22,3,17,4,32
24552766,14,4,16,3,33
39966473,12,11,9,5,37
58657938,12,14,6,3,34
18636832,15,13,7,4,37
34386266,14,5,15,6,36
54125309,9,19,1,6,35
66294332,11,2,18,7,32
55571845,14,15,5,6,33
23782143,19,8,12,7,35
65033417,23,2,18,4,37
49281718,13,20,0,7,38
71055855,12,12,8,4,32
31266075,18,10,10,7,37
25143958,17,5,15,4,34
34129573,24,20,0,7,32
63860093,17,11,9,7,33
75623060,20,1,19,8,37
66964589,16,7,13,8,32
68807261,17,6,14,7,32
32801107,13,5,15,5,33
21595236,24,8,12,6,37
73673605,13,11,9,7,34
67044149,14,8,12,3,34
66851651,24,11,9,4,36
75617458,20,1,19,6,36
17633692,11,11,9,5,33
76271471,9,7,13,5,35
61986983,7,12,8,4,34
48999743,10,0,20,3,38
48303822,7,5,15,7,32
75057157,17,5,15,3,36
38073120,8,14,6,7,36
26557754,19,19,1,8,37
35814500,11,15,5,5,35
49712489,10,4,16,4,38
29826469,9,14,6,6,33
40935738,12,19,1,7,35
51053327,17,15,5,3,38
28244051,13,20,0,6,33
31106827,17,19,1,3,33
43133807,19,7,13,8,35
21622370,20,5,15,5,38
74990741,13,20,0,4,34
39857422,17,20,0,4,37
57069516,21,18,2,6,32
57829630,10,8,12,3,34
37333443,11,19,1,5,33
56835439,19,4,16,7,32
48963567,15,4,16,4,36
47743705,11,9,11,5,34
40259721,14,14,6,4,32
55287118,7,20,0,5,33
42221892,10,20,0,4,35
70991562,14,3,17,6,38
22900497,20,1,19,3,37
52086780,19,3,17,3,33
57123278,9,8,12,7,36
75868952,18,12,8,3,37
20795958,22,20,0,6,33
19328526,20,6,14,7,38
68998032,13,6,14,8,34
19589895,17,5,15,5,34
20905155,14,15,5,6,36
43087138,8,17,3,3,32
67865010,15,1,19,7,38
56867304,20,4,16,3,33
38935910,9,3,17,7,37
52683502,9,18,2,7,34
18450876,12,11,9,8,36
54154879,7,18,2,5,36
57218597,14,9,11,3,34
57207546,19,5,15,7,35
32000135,16,13,7,8,37
28329665,9,3,17,8,38
61139911,13,15,5,4,38
76946892,8,15,5,3,37
20273201,18,16,4,7,38
41210420,18,1,19,5,35
47356744,17,0,20,3,37
31315962,21,17,3,5,32
63701648,10,9,11,7,33
35258241,22,8,12,7,32
23296885,23,17,3,5,36
31940431,19,3,17,4,34
18321222,17,4,16,5,37
37443729,9,7,13,3,34
23234171,16,4,16,3,33
27833680,24,10,10,8,35
55964073,7,14,6,5,33
48682820,23,13,7,3,34
69525423,9,12,8,5,33
18024574,14,8,12,4,33
26242785,10,2,18,3,32
27138205,16,13,7,8,32
22767911,9,13,7,8,32
46735470,21,14,6,4,33
65136687,21,3,17,4,32
41631581,22,18,2,8,37
60735112,23,12,8,6,37
22870848,10,14,6,3,36
74425319,15,0,20,5,32
77365308,9,18,2,8,34
29229660,19,8,12,5,34
28048277,20,8,12,8,34
29416001,21,3,17,3,35
40837022,12,14,6,3,32
29792741,18,19,1,5,34
24239800,20,1,19,6,35
41567487,16,9,11,8,36
56610873,17,3,17,6,38
30182004,16,7,13,7,33
49585265,10,16,4,3,34
71018990,8,10,10,5,37
74465044,9,20,0,6,37
48567611,20,19,1,6,35
75385557,13,5,15,4,37
36516751,23,10,10,3,36
19283341,23,15,5,5,35
65845088,18,17,3,5,32
39586112,19,10,10,3,32
64112518,21,10,10,6,33
61663567,17,11,9,6,32
47159177,16,18,2,4,33
56573039,22,18,2,4,37
25243325,17,11,9,5,38
72078398,10,9,11,5,35
28980785,11,19,1,8,34
33979590,21,3,17,6,34
73697602,21,4,16,4,38
67396808,21,20,0,7,32
55268542,24,8,12,7,35
47696399,10,17,3,8,37
54174115,19,14,6,7,32
75520243,9,7,13,4,38
75640201,17,2,18,3,36
21539345,10,4,16,7,32
56830305,12,2,18,6,36
42303627,15,6,14,6,37
43397854,8,13,7,6,33
47779191,7,13,7,7,36
76806546,23,5,15,5,33
50894501,9,1,19,6,38
21232135,14,18,2,8,34
16917310,23,11,9,7,38
61337251,18,0,20,6,33
37287987,9,8,12,4,35
27628536,11,20,0,5,36
50016225,19,1,19,4,38
19123903,21,5,15,8,32
50630663,13,17,3,7,38
40610498,24,20,0,4,35
19504652,24,12,8,5,32
67034366,24,1,19,5,33
47189624,23,15,5,8,36
30399070,10,3,17,7,38
63860855,17,19,1,6,37
42203826,17,19,1,3,32
23126259,13,15,5,6,36
32768530,24,18,2,6,38
66285368,21,8,12,6,32
62397457,10,4,16,3,36
53090796,13,4,16,4,37
44490957,16,9,11,6,33
76053987,23,16,4,4,33
28096287,16,7,13,3,37
66157471,16,7,13,5,38
51552245,18,7,13,5,33
25337811,24,18,2,7,33
73209451,13,6,14,7,36
65234026,10,13,7,8,38
57023041,22,13,7,4,34
44410160,18,15,5,3,32
30527751,14,19,1,5,37
54000532,9,18,2,8,32
20063936,10,4,16,3,36
25528677,11,13,7,3,38
41956941,9,14,6,7,33
21106147,10,1,19,6,38
75969971,18,3,17,7,36
52756062,8,1,19,5,32
61874269,16,15,5,8,35
69902729,19,4,16,6,33
58981314,18,0,20,4,33
21015130,16,9,11,5,38
73973105,17,20,0,4,38
40370480,15,4,16,8,33
41457092,20,2,18,5,33
51656029,12,10,10,4,33
26037823,23,15,5,6,33
53308148,16,0,20,3,32
63256916,16,1,19,6,34
72342817,14,13,7,6,38
33492675,16,20,0,4,34
67324756,13,8,12,3,35
28882307,8,13,7,5,38
50245208,12,0,20,7,35
38000563,20,18,2,4,35
67424348,18,5,15,3,35
47226672,16,12,8,6,35
62506754,13,14,6,4,34
55239613,10,19,1,7,37
36495022,18,4,16,3,36
32034793,10,10,10,4,33
57975187,21,19,1,5,38
70034437,24,5,15,7,35
51758969,7,11,9,6,33
64626548,22,5,15,6,35
36447061,10,5,15,5,34
34223134,11,11,9,7,38
36749327,19,20,0,5,34
74774209,10,8,12,3,32
35954491,7,10,10,3,34
61119858,23,8,12,8,34
33048309,18,15,5,6,38
72388568,19,10,10,4,35
71001162,23,1,19,8,36
77287873,24,20,0,8,34
61624845,22,0,20,3,36
75828730,24,20,0,6,38
69360979,24,20,0,4,34
65708813,15,19,1,3,32
28790846,17,5,15,6,38
21422961,9,20,0,4,36
46031000,23,5,15,8,33
16887854,16,1,19,7,38
69675304,15,17,3,8,33
17885729,9,13,7,5,36
47870363,7,5,15,6,37
46408079,23,15,5,6,32
24269771,11,1,19,5,34
74775658,10,3,17,7,32
71748668,20,16,4,5,37
77064494,19,6,14,8,32
40191234,17,17,3,8,34
24481800,15,13,7,8,37
58505456,10,9,11,6,32
68473580,19,1,19,3,33
60471235,24,7,13,6,36
32775379,24,4,16,7,37
71268597,7,13,7,8,37
65069511,11,18,2,7,38
27167127,20,9,11,3,38
56974131,11,1,19,4,34
23931668,24,17,3,3,36
52076114,19,9,11,8,33
59719395,11,1,19,3,37
72199387,15,2,18,4,36
74010411,16,16,4,3,38
26533999,18,4,16,7,32
67199789,15,18,2,8,37
23238414,24,4,16,8,37
22577022,21,7,13,4,37
62434736,21,18,2,8,35
59546269,16,11,9,8,33
21348653,10,18,2,4,37
48400717,12,6,14,8,35
60875770,10,4,16,7,33
67157247,19,4,16,6,32
59514107,24,8,12,6,38
24839792,17,18,2,8,35
54170692,12,3,17,6,34
42120918,22,10,10,6,35
57097258,14,2,18,3,35
67316789,9,18,2,7,32
71414374,14,14,6,6,38
44679991,12,4,16,6,34
61213689,7,12,8,3,37
46411546,23,5,15,5,36
50829033,16,4,16,5,36
47617866,22,3,17,8,34
57414665,24,3,17,3,38
39531970,8,2,18,3,33
26880542,20,9,11,5,34
54483050,23,3,17,7,32
70733427,15,7,13,7,34
50006654,10,0,20,8,38
43927758,15,2,18,3,35
67725257,11,6,14,3,37
24981626,13,0,20,8,33
60630629,19,11,9,4,37
65383687,21,2,18,7,32
48920259,20,10,10,8,36
28577986,16,3,17,3,38
36059989,8,1,19,6,37
35107361,10,11,9,7,38
22265528,16,9,11,5,33
60902389,15,0,20,6,33
41644199,11,0,20,4,34
67764535,14,20,0,4,37
60881667,23,13,7,8,35
51937651,23,6,14,5,34
26785612,24,1,19,5,34
73860867,15,3,17,5,35
70612196,9,16,4,5,38
57381940,7,19,1,3,36
24880026,19,12,8,7,32
37757171,15,4,16,6,37
68980098,23,10,10,6,33
58659863,11,1,19,6,33
63571383,16,3,17,8,38
26283549,12,11,9,8,34
54098399,24,0,20,8,32
56443133,18,3,17,5,36
51024748,21,7,13,7,37
30628504,21,20,0,6,37
65870089,21,1,19,7,33
44183323,19,4,16,4,36
33455747,20,7,13,3,38
36400935,13,15,5,8,38
34697045,22,1,19,8,33
61581502,14,15,5,8,38
55306662,21,11,9,8,33
44533062,22,5,15,5,38
69573563,13,10,10,8,37
46038500,17,11,9,5,36
72409296,18,5,15,3,36
66587855,13,20,0,7,37
24761841,9,4,16,4,32
47856654,12,13,7,7,37
35396084,17,1,19,7,32
24657226,23,16,4,5,38
25260605,18,4,16,4,32
17980891,24,3,17,6,33
50396325,18,13,7,8,33
65735158,23,11,9,5,35
68522670,17,6,14,6,36
72045382,10,11,9,8,36
66517275,9,20,0,8,32
25571813,19,4,16,5,38
20413599,11,5,15,7,32
25475303,21,5,15,3,34
59198129,18,18,2,6,38
67197122,9,19,1,6,38
54391204,10,20,0,8,32
67866847,13,12,8,5,36
21893412,19,19,1,5,33
37458688,20,17,3,5,35
59632992,23,15,5,8,34
33919175,22,1,19,3,38
69167374,9,11,9,5,35
24582180,15,3,17,6,37
35619429,20,1,19,7,34
63112905,20,6,14,7,35
18313449,16,15,5,3,35
57741862,19,4,16,8,38
75408159,11,4,16,3,34
45194721,22,1,19,8,36
52288862,15,10,10,8,32
56847979,8,6,14,8,37
58810683,11,9,11,7,38
35457201,11,7,13,6,36
35028825,13,15,5,6,36
72076054,18,5,15,4,36
26549548,19,8,12,4,34
28404340,21,14,6,6,33
32129878,7,2,18,7,36
22572822,19,20,0,4,34
58537180,15,14,6,4,36
74941342,11,19,1,6,35
36190121,16,15,5,7,37
69452267,23,9,11,7,32
58791239,23,6,14,5,38
59411309,10,6,14,8,35
28726089,13,10,10,5,37
45167348,20,11,9,8,32
47587976,7,4,16,4,38
76962354,24,9,11,7,32
26050618,20,3,17,6,38
67174576,23,2,18,7,36
21252202,22,7,13,4,33
24639050,9,16,4,7,34
67638373,19,0,20,3,36
53685086,17,9,11,4,38
49538683,8,7,13,8,37
19173542,11,20,0,6,38
42581181,19,14,6,6,35
42408381,18,12,8,3,32
38300128,15,5,15,7,34
42657690,19,12,8,4,32
26658346,16,5,15,3,33
69321899,24,4,16,5,35
23169208,7,1,19,8,35
51360399,21,14,6,5,33
38358340,12,18,2,3,33
32619112,11,5,15,7,32
73346724,13,18,2,4,36
30360764,22,18,2,4,33
33151794,11,7,13,5,34
70986682,24,13,7,6,37
59518200,16,11,9,3,35
56800965,12,15,5,8,35
51793236,17,8,12,3,36
62730295,16,10,10,8,37
28056846,22,11,9,4,37
24080471,19,10,10,6,33
19789300,9,15,5,3,32
18620795,23,14,6,8,38
49683202,20,15,5,6,34
35737122,20,11,9,5,38
44665876,13,0,20,5,34
70519540,14,19,1,4,36
22629662,24,16,4,4,33
33821735,23,16,4,3,37
28821739,22,18,2,5,33
63858474,8,7,13,4,32
68106526,8,13,7,8,33
67116165,17,17,3,3,36
71930986,18,11,9,6,33
32634112,19,0,20,5,36
72589123,19,2,18,5,33
21941175,15,13,7,3,35
36315255,10,16,4,5,34
68438451,11,13,7,3,36
19362276,13,7,13,6,37
54630349,11,1,19,6,32
28346691,22,15,5,4,34
70200110,24,19,1,7,32
56411651,10,13,7,3,34
41073817,24,5,15,5,36
42033755,8,2,18,3,34
56390015,24,5,15,3,36
76646614,10,3,17,7,34
29170368,10,9,11,7,33
24099477,12,13,7,5,32
73006420,24,1,19,4,35
30036881,18,4,16,6,34
58767598,21,15,5,8,36
34489416,24,0,20,8,34
31576403,10,0,20,5,36
44723014,22,2,18,3,35
71079495,23,6,14,3,35
67134982,20,1,19,8,36
33869537,15,9,11,6,34
25782804,17,20,0,6,34
21460996,23,3,17,7,32
49933540,21,15,5,5,32
67260984,23,20,0,5,32
23206062,19,1,19,7,38
26008341,8,1,19,6,38
53920273,20,18,2,8,36
51451948,13,14,6,6,37
67085663,10,3,17,8,38
30099305,15,9,11,7,35
54848797,13,11,9,8,32
37418704,24,3,17,4,38
27385434,17,9,11,3,36
29296844,19,20,0,7,35
77037248,15,3,17,8,38
32138731,12,9,11,4,38
45417850,7,8,12,6,32
65595593,12,7,13,4,32
27620838,10,8,12,8,32
52818093,19,1,19,3,35
27677367,15,17,3,4,34
27884119,23,0,20,6,32
64234506,22,1,19,5,34
26222012,12,16,4,4,36
32288677,11,19,1,6,38
20620767,10,4,16,4,38
39203678,18,20,0,7,36
65940327,15,9,11,4,38
49837537,17,20,0,6,36
74867009,7,16,4,3,38
42952937,9,18,2,4,35
75637920,14,6,14,5,33
28702307,23,12,8,8,32
18584380,20,18,2,7,34
44594917,15,15,5,7,36
39091224,11,10,10,5,33
74320881,18,3,17,5,38
76632661,24,3,17,8,38
39651190,19,20,0,7,36
34741629,16,4,16,6,38
38077616,18,9,11,7,36
19827426,8,7,13,5,33
49009433,7,11,9,8,38
38054316,11,2,18,7,34
51812155,18,14,6,6,38
36447356,20,17,3,4,33
23711844,17,15,5,3,33
38464774,8,16,4,7,34
20224731,20,5,15,4,36
19987780,21,2,18,6,34
61193072,11,19,1,4,36
29058601,19,1,19,3,32
65652854,16,1,19,4,33
64043053,14,16,4,6,34
39075238,14,9,11,5,32
58161639,8,14,6,6,34
44866028,24,3,17,7,37
17892057,18,5,15,5,35
23524316,21,20,0,7,32
54001367,15,16,4,5,33
25775814,21,17,3,3,36
52440534,14,12,8,6,32
17048185,11,2,18,3,32
42746716,20,13,7,8,33
30099788,9,13,7,3,33
34169995,10,7,13,3,34
77766987,8,17,3,5,34
40127291,14,11,9,3,36
49218601,10,3,17,7,35
39580154,11,9,11,6,35
35457384,23,0,20,3,33
50303844,22,12,8,8,34
54163014,22,10,10,3,37
22741153,9,6,14,4,34
21084598,8,11,9,7,37
43866261,22,20,0,6,34
31033850,7,6,14,4,34
24279488,20,3,17,6,34
43281473,13,16,4,3,38
36885320,21,12,8,5,36
63972423,18,11,9,4,32
29920637,17,20,0,4,33
21722317,24,2,18,8,36
17438591,12,14,6,3,33
40275833,11,1,19,6,35
16993302,14,8,12,8,37
55465894,15,2,18,6,33
23112230,21,0,20,5,33
27121111,17,14,6,4,33
35970539,20,8,12,4,34
41300408,8,9,11,5,38
65568001,16,0,20,6,33
37917736,8,20,0,5,35
68678067,21,7,13,3,32
18708915,22,11,9,3,37
40215124,15,1,19,4,36
70322508,13,20,0,3,38
72498152,7,10,10,7,34
26732510,18,17,3,5,35
51628065,14,14,6,7,34
47226511,10,7,13,3,35
46948657,23,11,9,5,34
68481709,15,8,12,7,37
20930638,13,18,2,3,37
33772346,17,15,5,8,36
37424375,10,9,11,8,34
72914174,9,10,10,5,34
71260888,21,10,10,7,33
67229556,23,3,17,6,34
26931306,18,10,10,7,37
32077724,14,11,9,5,36
67076415,9,12,8,3,37
40332533,10,4,16,4,38
36936607,18,15,5,4,33
64680371,10,3,17,8,33
25250907,16,2,18,3,38
70017453,22,9,11,7,38
31316342,22,17,3,4,32
58182968,10,3,17,5,33
24860120,23,3,17,5,33
40044258,21,14,6,6,38
37329215,10,0,20,5,34
52352357,19,5,15,5,35
51706185,9,11,9,3,37
28327343,23,14,6,4,38
36319717,9,18,2,5,32
66086648,20,2,18,6,34
38682862,24,11,9,4,34
38899985,21,18,2,5,38
32445980,9,12,8,3,32
20658128,7,7,13,4,35
43587144,7,12,8,4,38
23864572,11,19,1,6,36
40538200,24,4,16,4,35
42320894,14,20,0,7,36
69397181,17,3,17,4,36
43213332,17,8,12,5,37
20786297,16,11,9,4,32
27595185,16,3,17,5,32
76874239,16,19,1,4,38
37048862,17,4,16,8,34
23553120,12,6,14,3,37
34401286,13,3,17,5,35
37402162,14,4,16,3,34
31129852,17,11,9,7,35
30245200,12,13,7,5,37
40494849,11,16,4,5,36
37859229,22,2,18,4,35
32941415,8,10,10,5,37
58845278,24,9,11,7,34
17456949,14,13,7,7,33
72545735,18,7,13,7,35
26570333,24,19,1,4,38
24954463,8,13,7,7,35
71860087,13,20,0,4,37
51734673,11,11,9,5,38
37799853,11,11,9,7,32
44266990,11,10,10,6,35
29257962,18,17,3,6,36
72024803,18,10,10,7,37
60850296,22,1,19,8,35
39983163,15,10,10,8,35
59570090,21,19,1,6,35
39772003,12,10,10,5,35
22841947,7,15,5,5,38
68724210,23,3,17,4,37
38252746,7,4,16,7,38
59209159,22,17,3,8,32
43811296,8,3,17,8,35
68646793,10,9,11,3,36
23373736,18,2,18,7,34
64931441,8,14,6,7,38
33542047,19,20,0,8,35
73022644,22,5,15,8,38
66972012,7,11,9,5,37
17939612,24,3,17,6,32
70034878,7,12,8,4,33
72740622,12,16,4,7,34
21636227,17,2,18,3,36
41540114,15,12,8,7,38
42142308,20,14,6,5,33
52074543,18,9,11,6,36
52466118,13,17,3,6,34
46886257,10,5,15,7,37
38229637,13,8,12,6,38
40618256,10,11,9,3,36
24326814,21,17,3,7,36
58382681,24,18,2,3,33
39909195,10,11,9,5,32
32000381,18,4,16,3,38
59898049,23,13,7,4,32
54832759,23,15,5,6,34
70362839,23,8,12,6,37
50169719,20,9,11,8,33
20168697,15,19,1,4,32
38542054,15,6,14,7,33
40955206,18,10,10,6,33
72564169,13,1,19,8,32
24867557,12,12,8,7,38
60397386,23,0,20,4,33
26638881,8,9,11,6,34
72409276,8,18,2,3,35
30880067,15,4,16,7,36
70660115,19,15,5,6,32
43024572,12,13,7,6,32
60461856,7,6,14,4,34
61884545,15,11,9,5,32
29927748,14,11,9,4,32
55939147,18,15,5,5,32
34884538,22,18,2,4,34
43511618,12,9,11,7,32
54291494,12,19,1,3,33
46363140,17,12,8,5,38
35670943,7,20,0,5,36
18616279,16,14,6,6,37
26858379,10,12,8,7,33
40693534,15,7,13,3,32
63000297,15,10,10,3,33
72349572,24,12,8,3,33
72078026,14,17,3,4,37
76151186,21,12,8,6,38
74417923,21,20,0,5,33
60774686,21,4,16,6,33
68512895,16,2,18,8,34
77639909,7,8,12,6,33
36742747,21,14,6,6,35
73346064,11,0,20,6,36
21424486,12,16,4,4,38
47170368,19,6,14,5,36
62011673,21,11,9,4,35
33545401,7,14,6,5,34
65057528,11,16,4,4,34
24162681,20,1,19,4,32
74760659,23,17,3,8,33
25960803,11,5,15,8,34
38445642,11,19,1,4,36
47496506,18,18,2,7,32
24009237,17,7,13,3,36
66829419,23,16,4,7,34
38760974,14,17,3,8,37
24270904,12,10,10,8,36
38091127,15,0,20,8,32
70983541,19,1,19,8,36
55130177,7,12,8,8,32
57553292,16,0,20,3,32
45439255,15,0,20,4,34
47152834,18,5,15,6,35
40344024,18,16,4,4,38
49591928,9,4,16,7,38
72682675,15,13,7,7,37
58114539,12,3,17,4,34
40521583,10,7,13,8,35
57547285,9,10,10,4,34
43420678,13,7,13,5,38
30982402,14,1,19,4,33
65803351,17,6,14,8,34
33487926,16,2,18,7,36
31408001,18,13,7,5,33
33202191,7,20,0,7,34
18768745,7,6,14,5,38
33505508,21,5,15,3,34
23827271,14,0,20,8,37
38209353,12,4,16,7,36
26732893,18,18,2,8,34
48244573,15,3,17,5,33
49955483,24,8,12,4,35
28163248,21,19,1,8,35
45107955,8,18,2,8,36
26182284,23,20,0,6,35
39934051,14,14,6,6,33
58897955,22,12,8,6,37
75573460,9,2,18,4,32
67316958,15,11,9,4,38
55127878,8,17,3,7,33
36457938,12,10,10,3,34
62275011,21,19,1,4,32
46397636,16,10,10,8,34
25613234,21,17,3,3,37
